machine_id,query_id,cost,time_ms,shared_hit,shared_read,rows
c5a,q10,160189.8,536.241,154869,104275,20
c5a,q10,160189.8,534.43,155138,104006,20
c5a,q10,160189.8,530.821,155124,104020,20
c5a,q10,160189.8,528.013,154920,104224,20
c5a,q10,160189.8,534.745,154991,104153,20
c5a,q10,160189.8,532.626,154854,104290,20
c5a,q10,160189.8,528.108,154988,104156,20
c5a,q10,160189.8,529.887,154928,104216,20
c5a,q10,160189.8,534.941,155195,103949,20
c5a,q10,160189.8,513.352,155603,103541,20
c5a,q10,160189.8,534.525,154983,104161,20
c5a,q10,160189.8,536.762,155484,103660,20
c5a,q10,160189.8,513.763,154806,104338,20
c5a,q10,160189.8,528.049,154971,104173,20
c5a,q10,160189.8,515.586,154921,104223,20
c5a,q10,160189.8,528.488,154848,104296,20
c5a,q10,160189.8,531.386,155556,103588,20
c5a,q10,160189.8,530.462,154852,104292,20
c5a,q10,160189.8,526.755,155002,104142,20
c5a,q10,160189.8,511.594,154924,104220,20
c5a,q11,10203.71,153.264,47196,15589,1217
c5a,q11,10203.71,86.109,62785,0,1217
c5a,q11,10203.71,85.037,62785,0,1217
c5a,q11,10203.71,84.528,62785,0,1217
c5a,q11,10203.71,84.674,62785,0,1217
c5a,q11,10203.71,88.289,62785,0,1217
c5a,q11,10203.71,84.166,62785,0,1217
c5a,q11,10203.71,84.563,62785,0,1217
c5a,q11,10203.71,85.922,62785,0,1217
c5a,q11,10203.71,85.434,62785,0,1217
c5a,q11,10203.71,85.136,62785,0,1217
c5a,q11,10203.71,86.528,62785,0,1217
c5a,q11,10203.71,85.546,62785,0,1217
c5a,q11,10203.71,84.569,62785,0,1217
c5a,q11,10203.71,86.653,62785,0,1217
c5a,q11,10203.71,85.485,62785,0,1217
c5a,q11,10203.71,86.336,62785,0,1217
c5a,q11,10203.71,85.424,62785,0,1217
c5a,q11,10203.71,84.973,62785,0,1217
c5a,q11,10203.71,85.415,62785,0,1217
c5a,q12,210511.91,709.957,248,138622,2
c5a,q12,210511.91,713.445,441,138429,2
c5a,q12,210511.91,712.979,633,138237,2
c5a,q12,210511.91,714.541,825,138045,2
c5a,q12,210511.91,713.517,1017,137853,2
c5a,q12,210511.91,718.78,1209,137661,2
c5a,q12,210511.91,717.734,1298,137572,2
c5a,q12,210511.91,715.024,1300,137570,2
c5a,q12,210511.91,718.758,1492,137378,2
c5a,q12,210511.91,723.423,1684,137186,2
c5a,q12,210511.91,717.987,1876,136994,2
c5a,q12,210511.91,719.306,2068,136802,2
c5a,q12,210511.91,716.294,2260,136610,2
c5a,q12,210511.91,715.466,2452,136418,2
c5a,q12,210511.91,717.552,2644,136226,2
c5a,q12,210511.91,717.293,2836,136034,2
c5a,q12,210511.91,719.296,3028,135842,2
c5a,q12,210511.91,719.217,3220,135650,2
c5a,q12,210511.91,756.75,3412,135458,2
c5a,q12,210511.91,717.868,3604,135266,2
c5a,q13,142161.33,820.384,1776,27977,42
c5a,q13,142161.33,826.005,5472,24281,42
c5a,q13,142161.33,834.005,5568,24185,42
c5a,q13,142161.33,842.272,5664,24089,42
c5a,q13,142161.33,848.134,5760,23993,42
c5a,q13,142161.33,849.897,5856,23897,42
c5a,q13,142161.33,832.87,5952,23801,42
c5a,q13,142161.33,833.624,6048,23705,42
c5a,q13,142161.33,833.825,6144,23609,42
c5a,q13,142161.33,822.729,6240,23513,42
c5a,q13,142161.33,840.819,6336,23417,42
c5a,q13,142161.33,813.447,6432,23321,42
c5a,q13,142161.33,822.936,6528,23225,42
c5a,q13,142161.33,835.339,6624,23129,42
c5a,q13,142161.33,830.659,6720,23033,42
c5a,q13,142161.33,828.947,6816,22937,42
c5a,q13,142161.33,851.331,6912,22841,42
c5a,q13,142161.33,832.862,7008,22745,42
c5a,q13,142161.33,847.04,7104,22649,42
c5a,q13,142161.33,854.184,7200,22553,42
c5a,q14,118586.59,215.453,58,45765,1
c5a,q14,118586.59,210.488,58,45765,1
c5a,q14,118586.59,210.881,59,45765,1
c5a,q14,118586.59,209.988,58,45765,1
c5a,q14,118586.59,210.931,59,45765,1
c5a,q14,118586.59,211.604,59,45765,1
c5a,q14,118586.59,213.269,59,45765,1
c5a,q14,118586.59,211.606,59,45765,1
c5a,q14,118586.59,210.267,58,45765,1
c5a,q14,118586.59,209.808,58,45765,1
c5a,q14,118586.59,211.532,59,45765,1
c5a,q14,118586.59,211.161,59,45765,1
c5a,q14,118586.59,211.436,59,45765,1
c5a,q14,118586.59,210.306,59,45765,1
c5a,q14,118586.59,210.087,58,45765,1
c5a,q14,118586.59,209.679,59,45765,1
c5a,q14,118586.59,209.391,58,45765,1
c5a,q14,118586.59,209.86,59,45765,1
c5a,q14,118586.59,210.498,59,45765,1
c5a,q14,118586.59,210.888,59,45765,1
c5a,q16,40977.39,299.908,529,21911,18141
c5a,q16,40977.39,307.543,944,21496,18141
c5a,q16,40977.39,301.242,1136,21304,18141
c5a,q16,40977.39,300.076,1328,21112,18141
c5a,q16,40977.39,309.693,1520,20920,18141
c5a,q16,40977.39,306.068,1712,20728,18141
c5a,q16,40977.39,308.967,1904,20536,18141
c5a,q16,40977.39,303.768,2096,20344,18141
c5a,q16,40977.39,304.661,2288,20152,18141
c5a,q16,40977.39,309.544,2480,19960,18141
c5a,q16,40977.39,305.621,2672,19768,18141
c5a,q16,40977.39,310.256,2864,19576,18141
c5a,q16,40977.39,305.627,3056,19384,18141
c5a,q16,40977.39,307.949,3248,19192,18141
c5a,q16,40977.39,310.837,3440,19000,18141
c5a,q16,40977.39,301.984,3632,18808,18141
c5a,q16,40977.39,304.983,3824,18616,18141
c5a,q16,40977.39,309.661,4016,18424,18141
c5a,q16,40977.39,309.975,4208,18232,18141
c5a,q16,40977.39,308.178,4400,18040,18141
c5a,q17,731369.7,470.253,226262,8270,1
c5a,q17,731369.7,334.454,232356,2176,1
c5a,q17,731369.7,339.875,232388,2144,1
c5a,q17,731369.7,334.148,232420,2112,1
c5a,q17,731369.7,334.892,232452,2080,1
c5a,q17,731369.7,337.748,232484,2048,1
c5a,q17,731369.7,332.902,232516,2016,1
c5a,q17,731369.7,335.112,232548,1984,1
c5a,q17,731369.7,334.155,232580,1952,1
c5a,q17,731369.7,340.463,232612,1920,1
c5a,q17,731369.7,335.654,232644,1888,1
c5a,q17,731369.7,339.971,232676,1856,1
c5a,q17,731369.7,339.163,232708,1824,1
c5a,q17,731369.7,335.025,232740,1792,1
c5a,q17,731369.7,340.615,232772,1760,1
c5a,q17,731369.7,340.655,232804,1728,1
c5a,q17,731369.7,335.779,232836,1696,1
c5a,q17,731369.7,335.523,232868,1664,1
c5a,q17,731369.7,336.254,232900,1632,1
c5a,q17,731369.7,335.513,232932,1600,1
c5a,q18,322525.59,3531.459,87100,310096,9
c5a,q18,322525.59,3610.024,91793,305403,9
c5a,q18,322525.59,3559.06,137950,259246,9
c5a,q18,322525.59,3569.454,84605,312591,9
c5a,q18,322525.59,3570.08,85728,311468,9
c5a,q18,322525.59,3552.694,84738,312458,9
c5a,q18,322525.59,3587.962,138478,258718,9
c5a,q18,322525.59,3630.653,93836,303360,9
c5a,q18,322525.59,3439.341,108993,288203,9
c5a,q18,322525.59,3538.602,109871,287325,9
c5a,q18,322525.59,3413.124,151225,245971,9
c5a,q18,322525.59,3576.128,138404,258792,9
c5a,q18,322525.59,3558.326,137813,259383,9
c5a,q18,322525.59,3508.316,82961,314235,9
c5a,q18,322525.59,3580.953,138322,258874,9
c5a,q18,322525.59,3549.118,137647,259549,9
c5a,q18,322525.59,3534.99,86769,310427,9
c5a,q18,322525.59,3600.833,89463,307733,9
c5a,q18,322525.59,3639.863,98812,298384,9
c5a,q18,322525.59,3608.01,138780,258416,9
c5a,q19,32575.98,60.459,2991,17575,1
c5a,q19,32575.98,47.685,13998,6568,1
c5a,q19,32575.98,43.405,16630,3936,1
c5a,q19,32575.98,43.542,16726,3840,1
c5a,q19,32575.98,43.592,16822,3744,1
c5a,q19,32575.98,43.593,16918,3648,1
c5a,q19,32575.98,43.62,17014,3552,1
c5a,q19,32575.98,43.705,17110,3456,1
c5a,q19,32575.98,43.752,17206,3360,1
c5a,q19,32575.98,43.753,17302,3264,1
c5a,q19,32575.98,43.889,17398,3168,1
c5a,q19,32575.98,43.936,17494,3072,1
c5a,q19,32575.98,43.973,17590,2976,1
c5a,q19,32575.98,43.782,17686,2880,1
c5a,q19,32575.98,43.601,17782,2784,1
c5a,q19,32575.98,43.715,17878,2688,1
c5a,q19,32575.98,44.08,17974,2592,1
c5a,q19,32575.98,43.622,18029,2537,1
c5a,q19,32575.98,44.492,18047,2519,1
c5a,q19,32575.98,43.534,18048,2518,1
c5a,q1,231253.32,6133.339,14,112600,4
c5a,q1,231253.32,3027.877,110,112504,4
c5a,q1,231253.32,3061.138,206,112408,4
c5a,q1,231253.32,3047.344,302,112312,4
c5a,q1,231253.32,3035.76,398,112216,4
c5a,q1,231253.32,3084.565,494,112120,4
c5a,q1,231253.32,3065.351,590,112024,4
c5a,q1,231253.32,3034.951,686,111928,4
c5a,q1,231253.32,3038.878,782,111832,4
c5a,q1,231253.32,3062.753,878,111736,4
c5a,q1,231253.32,3061.401,974,111640,4
c5a,q1,231253.32,3039.544,1070,111544,4
c5a,q1,231253.32,3028.261,1166,111448,4
c5a,q1,231253.32,3043.494,1262,111352,4
c5a,q1,231253.32,3038.421,1358,111256,4
c5a,q1,231253.32,3037.993,1454,111160,4
c5a,q1,231253.32,3029.525,1550,111064,4
c5a,q1,231253.32,3063.229,1646,110968,4
c5a,q1,231253.32,3042.925,1742,110872,4
c5a,q1,231253.32,3045.233,1838,110776,4
c5a,q20,164116.85,695.711,59162,73038,193
c5a,q20,164116.85,689.267,57897,74303,193
c5a,q20,164116.85,693.286,57906,74294,193
c5a,q20,164116.85,698.094,57906,74294,193
c5a,q20,164116.85,688.438,57905,74295,193
c5a,q20,164116.85,689.26,57908,74292,193
c5a,q20,164116.85,689.206,57908,74292,193
c5a,q20,164116.85,696.544,57909,74291,193
c5a,q20,164116.85,689.184,57910,74290,193
c5a,q20,164116.85,690.318,57907,74293,193
c5a,q20,164116.85,696.428,57909,74291,193
c5a,q20,164116.85,693.134,57907,74293,193
c5a,q20,164116.85,697.587,57908,74292,193
c5a,q20,164116.85,689.86,57908,74292,193
c5a,q20,164116.85,688.241,57909,74291,193
c5a,q20,164116.85,691.152,57908,74292,193
c5a,q20,164116.85,702.012,57903,74297,193
c5a,q20,164116.85,697.313,57908,74292,193
c5a,q20,164116.85,695.357,57904,74296,193
c5a,q20,164116.85,695.797,57906,74294,193
c5a,q21,72643.41,1612.648,772307,315282,100
c5a,q21,72643.41,1583.315,771914,315675,100
c5a,q21,72643.41,1578.003,771842,315747,100
c5a,q21,72643.41,1585.716,771833,315756,100
c5a,q21,72643.41,1589.481,771798,315791,100
c5a,q21,72643.41,1587.919,771799,315790,100
c5a,q21,72643.41,1580.124,771821,315768,100
c5a,q21,72643.41,1586.636,771795,315794,100
c5a,q21,72643.41,1570.84,771811,315778,100
c5a,q21,72643.41,1575.879,771806,315783,100
c5a,q21,72643.41,1585.214,771794,315795,100
c5a,q21,72643.41,1596.91,771836,315753,100
c5a,q21,72643.41,1580.033,771804,315785,100
c5a,q21,72643.41,1575.487,771865,315724,100
c5a,q21,72643.41,1564.527,771828,315761,100
c5a,q21,72643.41,1587.9,771817,315772,100
c5a,q21,72643.41,1589.969,771840,315749,100
c5a,q21,72643.41,1591.844,771834,315755,100
c5a,q21,72643.41,1581.208,771890,315699,100
c5a,q21,72643.41,1586.187,771807,315782,100
c5a,q22,13103.26,101.365,59358,5136,7
c5a,q22,13103.26,93.411,64494,0,7
c5a,q22,13103.26,93.143,64494,0,7
c5a,q22,13103.26,93.445,64494,0,7
c5a,q22,13103.26,93.315,64494,0,7
c5a,q22,13103.26,94.032,64494,0,7
c5a,q22,13103.26,93.421,64494,0,7
c5a,q22,13103.26,93.518,64494,0,7
c5a,q22,13103.26,93.482,64494,0,7
c5a,q22,13103.26,94.098,64494,0,7
c5a,q22,13103.26,93.912,64494,0,7
c5a,q22,13103.26,93.915,64494,0,7
c5a,q22,13103.26,93.658,64494,0,7
c5a,q22,13103.26,93.893,64494,0,7
c5a,q22,13103.26,93.365,64494,0,7
c5a,q22,13103.26,94.32,64494,0,7
c5a,q22,13103.26,94.262,64494,0,7
c5a,q22,13103.26,93.913,64494,0,7
c5a,q22,13103.26,94.212,64494,0,7
c5a,q22,13103.26,94.166,64494,0,7
c5a,q2,120690.45,2165.586,1348915,36522,100
c5a,q2,120690.45,1534.453,1361142,24295,100
c5a,q2,120690.45,1539.677,1361701,23736,100
c5a,q2,120690.45,1542.509,1361513,23924,100
c5a,q2,120690.45,1555.229,1361666,23771,100
c5a,q2,120690.45,1530.942,1361422,24015,100
c5a,q2,120690.45,1554.01,1361836,23601,100
c5a,q2,120690.45,1533.468,1361269,24168,100
c5a,q2,120690.45,1528.949,1361823,23614,100
c5a,q2,120690.45,1554.639,1361583,23854,100
c5a,q2,120690.45,1529.758,1361533,23904,100
c5a,q2,120690.45,1526.324,1361586,23851,100
c5a,q2,120690.45,1528.699,1361818,23619,100
c5a,q2,120690.45,1533.627,1361390,24047,100
c5a,q2,120690.45,1554.855,1361819,23618,100
c5a,q2,120690.45,1553.328,1361556,23881,100
c5a,q2,120690.45,1531.447,1361535,23902,100
c5a,q2,120690.45,1527.121,1361591,23846,100
c5a,q2,120690.45,1528.114,1361832,23605,100
c5a,q2,120690.45,1547.606,1361396,24041,100
c5a,q3,195291.56,1542.48,493921,124545,10
c5a,q3,195291.56,488.343,493920,124546,10
c5a,q3,195291.56,487.453,493920,124546,10
c5a,q3,195291.56,488.775,493920,124546,10
c5a,q3,195291.56,487.779,493920,124546,10
c5a,q3,195291.56,486.805,493920,124546,10
c5a,q3,195291.56,485.946,493920,124546,10
c5a,q3,195291.56,485.984,493920,124546,10
c5a,q3,195291.56,488.131,493920,124546,10
c5a,q3,195291.56,488.884,493920,124546,10
c5a,q3,195291.56,486.936,493920,124546,10
c5a,q3,195291.56,485.965,493920,124546,10
c5a,q3,195291.56,492.136,493920,124546,10
c5a,q3,195291.56,487.956,493920,124546,10
c5a,q3,195291.56,487.731,493920,124546,10
c5a,q3,195291.56,487.1,493920,124546,10
c5a,q3,195291.56,487.546,493920,124546,10
c5a,q3,195291.56,486.828,493920,124546,10
c5a,q3,195291.56,485.823,493920,124546,10
c5a,q3,195291.56,486.243,493920,124546,10
c5a,q4,61263.21,224.816,169891,77503,5
c5a,q4,61263.21,222.076,169891,77503,5
c5a,q4,61263.21,224.307,169891,77503,5
c5a,q4,61263.21,223.399,169891,77503,5
c5a,q4,61263.21,223.055,169891,77503,5
c5a,q4,61263.21,224.345,169891,77503,5
c5a,q4,61263.21,223.209,169891,77503,5
c5a,q4,61263.21,224.878,169891,77503,5
c5a,q4,61263.21,222.138,169891,77503,5
c5a,q4,61263.21,222.618,169891,77503,5
c5a,q4,61263.21,221.474,169891,77503,5
c5a,q4,61263.21,222.99,169891,77503,5
c5a,q4,61263.21,221.886,169891,77503,5
c5a,q4,61263.21,224.17,169891,77503,5
c5a,q4,61263.21,224.878,169891,77503,5
c5a,q4,61263.21,221.636,169891,77503,5
c5a,q4,61263.21,224.916,169891,77503,5
c5a,q4,61263.21,221.377,169891,77503,5
c5a,q4,61263.21,223.482,169891,77503,5
c5a,q4,61263.21,222.762,169891,77503,5
c5a,q5,83490.24,522.806,320020,260905,5
c5a,q5,83490.24,474.338,322137,258788,5
c5a,q5,83490.24,470.913,322134,258791,5
c5a,q5,83490.24,469.08,322170,258755,5
c5a,q5,83490.24,468.682,322144,258781,5
c5a,q5,83490.24,470.285,322161,258764,5
c5a,q5,83490.24,467.262,322171,258754,5
c5a,q5,83490.24,467.126,322166,258759,5
c5a,q5,83490.24,466.76,322151,258774,5
c5a,q5,83490.24,467.63,322146,258779,5
c5a,q5,83490.24,470.05,322149,258776,5
c5a,q5,83490.24,467.066,322156,258769,5
c5a,q5,83490.24,467.218,322168,258757,5
c5a,q5,83490.24,470.716,322173,258752,5
c5a,q5,83490.24,468.086,322167,258758,5
c5a,q5,83490.24,466.231,322165,258760,5
c5a,q5,83490.24,469.052,322148,258777,5
c5a,q5,83490.24,465.35,322143,258782,5
c5a,q5,83490.24,466.968,322176,258749,5
c5a,q5,83490.24,468.895,322159,258766,5
c5a,q6,168633.05,515.52,132,105337,1
c5a,q6,168633.05,510.02,0,105469,1
c5a,q6,168633.05,506.715,0,105469,1
c5a,q6,168633.05,506.597,0,105469,1
c5a,q6,168633.05,508.38,0,105469,1
c5a,q6,168633.05,504.99,0,105469,1
c5a,q6,168633.05,506.262,0,105469,1
c5a,q6,168633.05,505.916,0,105469,1
c5a,q6,168633.05,505.041,0,105469,1
c5a,q6,168633.05,508.458,0,105469,1
c5a,q6,168633.05,506.352,0,105469,1
c5a,q6,168633.05,504.212,0,105469,1
c5a,q6,168633.05,514.014,0,105469,1
c5a,q6,168633.05,506.5,0,105469,1
c5a,q6,168633.05,505.684,0,105469,1
c5a,q6,168633.05,505.814,0,105469,1
c5a,q6,168633.05,505.729,0,105469,1
c5a,q6,168633.05,506.187,0,105469,1
c5a,q6,168633.05,505.938,0,105469,1
c5a,q6,168633.05,505.382,0,105469,1
c5a,q7,70658.3,2469.43,1183214,498778,4
c5a,q7,70658.3,2495.767,1181942,500050,4
c5a,q7,70658.3,2493.587,1181944,500048,4
c5a,q7,70658.3,2502.095,1181926,500066,4
c5a,q7,70658.3,2487.478,1181933,500059,4
c5a,q7,70658.3,2511.923,1181917,500075,4
c5a,q7,70658.3,2504.509,1181939,500053,4
c5a,q7,70658.3,2477.556,1181928,500064,4
c5a,q7,70658.3,2504.614,1181932,500060,4
c5a,q7,70658.3,2505.711,1181936,500056,4
c5a,q7,70658.3,2500.058,1181925,500067,4
c5a,q7,70658.3,2513.078,1181935,500057,4
c5a,q7,70658.3,2502.374,1181935,500057,4
c5a,q7,70658.3,2495.624,1181924,500068,4
c5a,q7,70658.3,2506.216,1181922,500070,4
c5a,q7,70658.3,2515.381,1181923,500069,4
c5a,q7,70658.3,2496.749,1181920,500072,4
c5a,q7,70658.3,2503.905,1181935,500057,4
c5a,q7,70658.3,2502.722,1181934,500058,4
c5a,q7,70658.3,2514.15,1181923,500069,4
c5a,q8,90831.9,592.972,266500,171409,2
c5a,q8,90831.9,351.655,266490,171419,2
c5a,q8,90831.9,355.005,266486,171423,2
c5a,q8,90831.9,354.621,266499,171410,2
c5a,q8,90831.9,351.598,266494,171415,2
c5a,q8,90831.9,351.981,266500,171409,2
c5a,q8,90831.9,352.39,266516,171393,2
c5a,q8,90831.9,351.69,266481,171428,2
c5a,q8,90831.9,353.145,266478,171431,2
c5a,q8,90831.9,351.867,266490,171419,2
c5a,q8,90831.9,350.445,266491,171418,2
c5a,q8,90831.9,356.91,266509,171400,2
c5a,q8,90831.9,353.84,266511,171398,2
c5a,q8,90831.9,351.183,266517,171392,2
c5a,q8,90831.9,353.196,266495,171414,2
c5a,q8,90831.9,354.676,266485,171424,2
c5a,q8,90831.9,354.164,266502,171407,2
c5a,q8,90831.9,354.183,266515,171394,2
c5a,q8,90831.9,355.118,266483,171426,2
c5a,q8,90831.9,354.047,266496,171413,2
c5a,q9,85841.45,1555.877,1161201,322597,175
c5a,q9,85841.45,1404.768,1162330,321468,175
c5a,q9,85841.45,1400.582,1162327,321471,175
c5a,q9,85841.45,1403.252,1162313,321485,175
c5a,q9,85841.45,1401.424,1162321,321477,175
c5a,q9,85841.45,1414.562,1162317,321481,175
c5a,q9,85841.45,1401.741,1162324,321474,175
c5a,q9,85841.45,1402.341,1162331,321467,175
c5a,q9,85841.45,1404.072,1162339,321459,175
c5a,q9,85841.45,1438.285,1162301,321497,175
c5a,q9,85841.45,1396.898,1162330,321468,175
c5a,q9,85841.45,1401.41,1162329,321469,175
c5a,q9,85841.45,1400.709,1162326,321472,175
c5a,q9,85841.45,1402.765,1162309,321489,175
c5a,q9,85841.45,1400.838,1162338,321460,175
c5a,q9,85841.45,1397.982,1162339,321459,175
c5a,q9,85841.45,1401.753,1162331,321467,175
c5a,q9,85841.45,1402.239,1162339,321459,175
c5a,q9,85841.45,1405.623,1162309,321489,175
c5a,q9,85841.45,1407.245,1162307,321491,175
c7i,q10,160189.8,855.346,156137,103007,20
c7i,q10,160189.8,853.756,156126,103017,20
c7i,q10,160189.8,843.353,156225,102918,20
c7i,q10,160189.8,807.404,155867,103277,20
c7i,q10,160189.8,714.646,158777,100367,20
c7i,q10,160189.8,826.718,156569,102574,20
c7i,q10,160189.8,836.753,156694,102450,20
c7i,q10,160189.8,841.59,156565,102579,20
c7i,q10,160189.8,858.822,156107,103036,20
c7i,q10,160189.8,878.54,154970,104174,20
c7i,q10,160189.8,855.292,156503,102641,20
c7i,q10,160189.8,863.384,156914,102230,20
c7i,q10,160189.8,849.381,156418,102726,20
c7i,q10,160189.8,846.919,157332,101812,20
c7i,q10,160189.8,854.973,156507,102637,20
c7i,q10,160189.8,846.397,156982,102162,20
c7i,q10,160189.8,831.699,158122,101021,20
c7i,q10,160189.8,727.687,157037,102107,20
c7i,q10,160189.8,835.623,156331,102813,20
c7i,q10,160189.8,841.385,154961,104183,20
c7i,q11,10203.71,166.511,47003,15782,1217
c7i,q11,10203.71,110.881,62785,0,1217
c7i,q11,10203.71,100.844,62785,0,1217
c7i,q11,10203.71,102.306,62785,0,1217
c7i,q11,10203.71,103.203,62785,0,1217
c7i,q11,10203.71,97.756,62785,0,1217
c7i,q11,10203.71,103.969,62785,0,1217
c7i,q11,10203.71,107.746,62785,0,1217
c7i,q11,10203.71,105.583,62785,0,1217
c7i,q11,10203.71,101.212,62785,0,1217
c7i,q11,10203.71,101.367,62785,0,1217
c7i,q11,10203.71,105.159,62785,0,1217
c7i,q11,10203.71,98.392,62785,0,1217
c7i,q11,10203.71,103.805,62785,0,1217
c7i,q11,10203.71,102.275,62785,0,1217
c7i,q11,10203.71,102.176,62785,0,1217
c7i,q11,10203.71,103.871,62785,0,1217
c7i,q11,10203.71,101.046,62785,0,1217
c7i,q11,10203.71,105.093,62785,0,1217
c7i,q11,10203.71,99.061,62785,0,1217
c7i,q12,210511.91,1050.428,228,138642,2
c7i,q12,210511.91,1046.788,421,138449,2
c7i,q12,210511.91,1037.716,613,138257,2
c7i,q12,210511.91,1048.156,805,138065,2
c7i,q12,210511.91,1047.165,997,137873,2
c7i,q12,210511.91,1047.469,1189,137681,2
c7i,q12,210511.91,976.026,1295,137575,2
c7i,q12,210511.91,1027.517,1300,137570,2
c7i,q12,210511.91,1056.683,1445,137425,2
c7i,q12,210511.91,1044.23,1637,137233,2
c7i,q12,210511.91,1049.049,1829,137041,2
c7i,q12,210511.91,1037.185,2021,136849,2
c7i,q12,210511.91,1033.789,2213,136657,2
c7i,q12,210511.91,1031.079,2405,136465,2
c7i,q12,210511.91,1038.814,2597,136273,2
c7i,q12,210511.91,1044.97,2789,136081,2
c7i,q12,210511.91,1027.713,2981,135889,2
c7i,q12,210511.91,969.619,3173,135697,2
c7i,q12,210511.91,1035.763,3365,135505,2
c7i,q12,210511.91,1038.82,3557,135313,2
c7i,q13,142161.33,1479.864,1778,27975,42
c7i,q13,142161.33,1479.588,5474,24279,42
c7i,q13,142161.33,1467.198,5570,24183,42
c7i,q13,142161.33,1511.15,5666,24087,42
c7i,q13,142161.33,1499.094,5762,23991,42
c7i,q13,142161.33,1327.297,5858,23895,42
c7i,q13,142161.33,1401.331,5954,23799,42
c7i,q13,142161.33,1505.94,6050,23703,42
c7i,q13,142161.33,1500.278,6146,23607,42
c7i,q13,142161.33,1492.694,6242,23511,42
c7i,q13,142161.33,1474.258,6338,23415,42
c7i,q13,142161.33,1502.69,6434,23319,42
c7i,q13,142161.33,1514.912,6530,23223,42
c7i,q13,142161.33,1203.819,6626,23127,42
c7i,q13,142161.33,1482.349,6722,23031,42
c7i,q13,142161.33,1503.887,6818,22935,42
c7i,q13,142161.33,1507.035,6914,22839,42
c7i,q13,142161.33,1518.813,7010,22743,42
c7i,q13,142161.33,1502.183,7106,22647,42
c7i,q13,142161.33,1512.203,7202,22551,42
c7i,q14,118586.59,371.678,58,45765,1
c7i,q14,118586.59,345.281,59,45765,1
c7i,q14,118586.59,343.066,58,45765,1
c7i,q14,118586.59,328.284,59,45765,1
c7i,q14,118586.59,314.04,59,45765,1
c7i,q14,118586.59,278.374,59,45765,1
c7i,q14,118586.59,299.963,59,45765,1
c7i,q14,118586.59,336.156,59,45765,1
c7i,q14,118586.59,340.846,58,45765,1
c7i,q14,118586.59,335.683,59,45765,1
c7i,q14,118586.59,337.874,59,45765,1
c7i,q14,118586.59,344.736,58,45765,1
c7i,q14,118586.59,364.313,58,45765,1
c7i,q14,118586.59,336.337,59,45765,1
c7i,q14,118586.59,348.146,59,45765,1
c7i,q14,118586.59,348.006,59,45765,1
c7i,q14,118586.59,340.602,58,45765,1
c7i,q14,118586.59,337.82,59,45765,1
c7i,q14,118586.59,342.723,59,45765,1
c7i,q14,118586.59,350.504,58,45765,1
c7i,q16,40977.39,390.419,529,21911,18141
c7i,q16,40977.39,389.713,945,21495,18141
c7i,q16,40977.39,393.717,1137,21303,18141
c7i,q16,40977.39,394.78,1329,21111,18141
c7i,q16,40977.39,400.978,1521,20919,18141
c7i,q16,40977.39,396.316,1713,20727,18141
c7i,q16,40977.39,399.618,1905,20535,18141
c7i,q16,40977.39,396.186,2097,20343,18141
c7i,q16,40977.39,398.488,2289,20151,18141
c7i,q16,40977.39,392.993,2481,19959,18141
c7i,q16,40977.39,399.162,2673,19767,18141
c7i,q16,40977.39,397.126,2865,19575,18141
c7i,q16,40977.39,397.238,3057,19383,18141
c7i,q16,40977.39,381.996,3249,19191,18141
c7i,q16,40977.39,368.942,3441,18999,18141
c7i,q16,40977.39,362.473,3633,18807,18141
c7i,q16,40977.39,398.471,3825,18615,18141
c7i,q16,40977.39,396.879,4017,18423,18141
c7i,q16,40977.39,399.224,4209,18231,18141
c7i,q16,40977.39,398.026,4401,18039,18141
c7i,q17,731369.7,436.236,226262,8270,1
c7i,q17,731369.7,279.277,232356,2176,1
c7i,q17,731369.7,285.158,232388,2144,1
c7i,q17,731369.7,282.573,232420,2112,1
c7i,q17,731369.7,280.531,232452,2080,1
c7i,q17,731369.7,275.654,232484,2048,1
c7i,q17,731369.7,277.727,232516,2016,1
c7i,q17,731369.7,277.973,232548,1984,1
c7i,q17,731369.7,280.878,232580,1952,1
c7i,q17,731369.7,278.636,232612,1920,1
c7i,q17,731369.7,276.52,232644,1888,1
c7i,q17,731369.7,279.301,232676,1856,1
c7i,q17,731369.7,277.283,232708,1824,1
c7i,q17,731369.7,274.67,232740,1792,1
c7i,q17,731369.7,274.553,232772,1760,1
c7i,q17,731369.7,279.233,232804,1728,1
c7i,q17,731369.7,276.925,232836,1696,1
c7i,q17,731369.7,279.133,232868,1664,1
c7i,q17,731369.7,276.108,232900,1632,1
c7i,q17,731369.7,273.028,232932,1600,1
c7i,q18,322525.59,5410.242,245646,151550,9
c7i,q18,322525.59,5414.889,243220,153976,9
c7i,q18,322525.59,5398.612,245407,151789,9
c7i,q18,322525.59,5425.708,245407,151789,9
c7i,q18,322525.59,5457.121,245407,151789,9
c7i,q18,322525.59,5423.124,245407,151789,9
c7i,q18,322525.59,5442.326,245407,151789,9
c7i,q18,322525.59,5413.506,245407,151789,9
c7i,q18,322525.59,5421.915,245407,151789,9
c7i,q18,322525.59,5389.897,245407,151789,9
c7i,q18,322525.59,5451.451,245407,151789,9
c7i,q18,322525.59,5406.851,245407,151789,9
c7i,q18,322525.59,5387.032,245407,151789,9
c7i,q18,322525.59,5581.244,156582,240614,9
c7i,q18,322525.59,5398.893,243928,153268,9
c7i,q18,322525.59,5417.557,245408,151788,9
c7i,q18,322525.59,5390.679,245407,151789,9
c7i,q18,322525.59,5406.079,245407,151789,9
c7i,q18,322525.59,5430.396,245407,151789,9
c7i,q18,322525.59,5393.425,245407,151789,9
c7i,q19,32575.98,87.178,2992,17574,1
c7i,q19,32575.98,73.414,8752,11814,1
c7i,q19,32575.98,52.525,16615,3951,1
c7i,q19,32575.98,54.392,16726,3840,1
c7i,q19,32575.98,53.533,16822,3744,1
c7i,q19,32575.98,52.099,16918,3648,1
c7i,q19,32575.98,52.624,17014,3552,1
c7i,q19,32575.98,53.716,17110,3456,1
c7i,q19,32575.98,53.915,17206,3360,1
c7i,q19,32575.98,49.78,17302,3264,1
c7i,q19,32575.98,52.783,17398,3168,1
c7i,q19,32575.98,50.855,17494,3072,1
c7i,q19,32575.98,52.044,17590,2976,1
c7i,q19,32575.98,53.756,17686,2880,1
c7i,q19,32575.98,55.452,17782,2784,1
c7i,q19,32575.98,51.901,17878,2688,1
c7i,q19,32575.98,52.159,17974,2592,1
c7i,q19,32575.98,53.706,18041,2525,1
c7i,q19,32575.98,51.913,18054,2512,1
c7i,q19,32575.98,56.772,18054,2512,1
c7i,q1,231253.32,6147.657,14,112600,4
c7i,q1,231253.32,4890.451,110,112504,4
c7i,q1,231253.32,4851.978,206,112408,4
c7i,q1,231253.32,4875.69,302,112312,4
c7i,q1,231253.32,4856.82,398,112216,4
c7i,q1,231253.32,4869.088,494,112120,4
c7i,q1,231253.32,4873.48,590,112024,4
c7i,q1,231253.32,4881.879,686,111928,4
c7i,q1,231253.32,4882.688,782,111832,4
c7i,q1,231253.32,4880.437,878,111736,4
c7i,q1,231253.32,4846.563,974,111640,4
c7i,q1,231253.32,4849.1,1070,111544,4
c7i,q1,231253.32,4839.428,1166,111448,4
c7i,q1,231253.32,4865.25,1262,111352,4
c7i,q1,231253.32,4842.347,1358,111256,4
c7i,q1,231253.32,4840.929,1454,111160,4
c7i,q1,231253.32,4850.741,1550,111064,4
c7i,q1,231253.32,4848.395,1646,110968,4
c7i,q1,231253.32,4850.206,1742,110872,4
c7i,q1,231253.32,4895.498,1838,110776,4
c7i,q20,164116.85,741.952,59191,73009,193
c7i,q20,164116.85,747.142,57883,74317,193
c7i,q20,164116.85,737.12,57908,74292,193
c7i,q20,164116.85,750.126,57914,74286,193
c7i,q20,164116.85,747.352,57914,74286,193
c7i,q20,164116.85,743.684,57910,74290,193
c7i,q20,164116.85,752.108,57908,74292,193
c7i,q20,164116.85,742.777,57910,74290,193
c7i,q20,164116.85,749.967,57910,74290,193
c7i,q20,164116.85,675.017,57907,74293,193
c7i,q20,164116.85,668.474,57910,74290,193
c7i,q20,164116.85,734.431,57910,74290,193
c7i,q20,164116.85,745.296,57906,74294,193
c7i,q20,164116.85,762.419,57909,74291,193
c7i,q20,164116.85,752.642,57910,74290,193
c7i,q20,164116.85,757.681,57908,74292,193
c7i,q20,164116.85,738.901,57908,74292,193
c7i,q20,164116.85,753.426,57908,74292,193
c7i,q20,164116.85,738.838,57915,74285,193
c7i,q20,164116.85,749.614,57909,74291,193
c7i,q21,72643.41,2111.068,772533,315056,100
c7i,q21,72643.41,2038.891,772218,315371,100
c7i,q21,72643.41,1814.907,771780,315809,100
c7i,q21,72643.41,2072.437,771716,315873,100
c7i,q21,72643.41,2084.099,772762,314827,100
c7i,q21,72643.41,2049.21,772241,315348,100
c7i,q21,72643.41,2108.255,772562,315027,100
c7i,q21,72643.41,2101.422,773063,314526,100
c7i,q21,72643.41,1771.516,772295,315294,100
c7i,q21,72643.41,2051.838,772180,315409,100
c7i,q21,72643.41,2076.077,771962,315627,100
c7i,q21,72643.41,2102.086,772524,315065,100
c7i,q21,72643.41,2043.046,772485,315104,100
c7i,q21,72643.41,2078.496,772205,315384,100
c7i,q21,72643.41,1777.206,772081,315508,100
c7i,q21,72643.41,2085.985,772266,315323,100
c7i,q21,72643.41,2113.245,772791,314798,100
c7i,q21,72643.41,2086.812,772318,315271,100
c7i,q21,72643.41,2099.62,772185,315404,100
c7i,q21,72643.41,1908.063,772225,315364,100
c7i,q22,13103.26,124.966,59358,5136,7
c7i,q22,13103.26,124.218,64494,0,7
c7i,q22,13103.26,122.644,64494,0,7
c7i,q22,13103.26,122.621,64494,0,7
c7i,q22,13103.26,122.639,64494,0,7
c7i,q22,13103.26,122.95,64494,0,7
c7i,q22,13103.26,124.222,64494,0,7
c7i,q22,13103.26,124.471,64494,0,7
c7i,q22,13103.26,124.114,64494,0,7
c7i,q22,13103.26,124.673,64494,0,7
c7i,q22,13103.26,122.853,64494,0,7
c7i,q22,13103.26,125.088,64494,0,7
c7i,q22,13103.26,122.456,64494,0,7
c7i,q22,13103.26,122.708,64494,0,7
c7i,q22,13103.26,121.845,64494,0,7
c7i,q22,13103.26,123.586,64494,0,7
c7i,q22,13103.26,121.191,64494,0,7
c7i,q22,13103.26,120.742,64494,0,7
c7i,q22,13103.26,120.857,64494,0,7
c7i,q22,13103.26,124.118,64494,0,7
c7i,q2,120690.45,2135.685,1348915,36522,100
c7i,q2,120690.45,1390.463,1361143,24294,100
c7i,q2,120690.45,1387.57,1361701,23736,100
c7i,q2,120690.45,1391.657,1361514,23923,100
c7i,q2,120690.45,1386.012,1361667,23770,100
c7i,q2,120690.45,1392.747,1361429,24008,100
c7i,q2,120690.45,1391.92,1361829,23608,100
c7i,q2,120690.45,1391.145,1361277,24160,100
c7i,q2,120690.45,1400.191,1361829,23608,100
c7i,q2,120690.45,1360.377,1361582,23855,100
c7i,q2,120690.45,1400.566,1361544,23893,100
c7i,q2,120690.45,1411.103,1361578,23859,100
c7i,q2,120690.45,1398.61,1361826,23611,100
c7i,q2,120690.45,1400.063,1361381,24056,100
c7i,q2,120690.45,1388.782,1361812,23625,100
c7i,q2,120690.45,1396.02,1361566,23871,100
c7i,q2,120690.45,1385.734,1361549,23888,100
c7i,q2,120690.45,1381.504,1361591,23846,100
c7i,q2,120690.45,1351.637,1361814,23623,100
c7i,q2,120690.45,1392.881,1361347,24090,100
c7i,q3,195291.56,1940.81,493921,124545,10
c7i,q3,195291.56,865.477,493920,124546,10
c7i,q3,195291.56,845.399,493920,124546,10
c7i,q3,195291.56,850.924,493920,124546,10
c7i,q3,195291.56,853.356,493920,124546,10
c7i,q3,195291.56,857.268,493920,124546,10
c7i,q3,195291.56,857.095,493920,124546,10
c7i,q3,195291.56,861.748,493919,124547,10
c7i,q3,195291.56,852.961,493919,124547,10
c7i,q3,195291.56,774.875,493919,124547,10
c7i,q3,195291.56,788.096,493920,124546,10
c7i,q3,195291.56,835.121,493920,124546,10
c7i,q3,195291.56,874.137,493919,124547,10
c7i,q3,195291.56,857.194,493919,124547,10
c7i,q3,195291.56,850.671,493921,124545,10
c7i,q3,195291.56,857.744,493920,124546,10
c7i,q3,195291.56,874.178,493920,124546,10
c7i,q3,195291.56,851.465,493920,124546,10
c7i,q3,195291.56,870.8,493920,124546,10
c7i,q3,195291.56,852.92,493919,124547,10
c7i,q4,61263.21,338.631,169891,77503,5
c7i,q4,61263.21,340.639,169891,77503,5
c7i,q4,61263.21,361.528,169891,77503,5
c7i,q4,61263.21,335.359,169891,77503,5
c7i,q4,61263.21,338.433,169891,77503,5
c7i,q4,61263.21,354.374,169891,77503,5
c7i,q4,61263.21,341.379,169891,77503,5
c7i,q4,61263.21,304.116,169891,77503,5
c7i,q4,61263.21,282.425,169891,77503,5
c7i,q4,61263.21,285.725,169891,77503,5
c7i,q4,61263.21,334.873,169891,77503,5
c7i,q4,61263.21,333.635,169891,77503,5
c7i,q4,61263.21,331.815,169891,77503,5
c7i,q4,61263.21,351.793,169891,77503,5
c7i,q4,61263.21,363.479,169891,77503,5
c7i,q4,61263.21,336.811,169891,77503,5
c7i,q4,61263.21,349.606,169891,77503,5
c7i,q4,61263.21,334.364,169891,77503,5
c7i,q4,61263.21,337.109,169891,77503,5
c7i,q4,61263.21,351.066,169891,77503,5
c7i,q5,83490.24,1079.697,320058,260867,5
c7i,q5,83490.24,1018.443,322173,258752,5
c7i,q5,83490.24,1010.649,322190,258735,5
c7i,q5,83490.24,991.812,322200,258725,5
c7i,q5,83490.24,1018.686,322193,258732,5
c7i,q5,83490.24,1007.469,322168,258757,5
c7i,q5,83490.24,1047.612,322166,258759,5
c7i,q5,83490.24,818.029,322168,258757,5
c7i,q5,83490.24,864.82,322163,258762,5
c7i,q5,83490.24,982.923,322195,258730,5
c7i,q5,83490.24,1009.947,322163,258762,5
c7i,q5,83490.24,1031.344,322134,258791,5
c7i,q5,83490.24,1008.99,322179,258746,5
c7i,q5,83490.24,1005.087,322179,258746,5
c7i,q5,83490.24,1004.642,322150,258775,5
c7i,q5,83490.24,1017.946,322220,258705,5
c7i,q5,83490.24,1013.779,322174,258751,5
c7i,q5,83490.24,1020.297,322153,258772,5
c7i,q5,83490.24,997.106,322138,258787,5
c7i,q5,83490.24,794.677,322192,258733,5
c7i,q6,168633.05,730.66,135,105334,1
c7i,q6,168633.05,741.999,0,105469,1
c7i,q6,168633.05,749.497,0,105469,1
c7i,q6,168633.05,741.541,0,105469,1
c7i,q6,168633.05,753.439,0,105469,1
c7i,q6,168633.05,741.788,0,105469,1
c7i,q6,168633.05,753.916,0,105469,1
c7i,q6,168633.05,752.764,0,105469,1
c7i,q6,168633.05,748.666,0,105469,1
c7i,q6,168633.05,752.904,0,105469,1
c7i,q6,168633.05,741.992,0,105469,1
c7i,q6,168633.05,756.064,0,105469,1
c7i,q6,168633.05,751.174,0,105469,1
c7i,q6,168633.05,751.222,0,105469,1
c7i,q6,168633.05,698.871,0,105469,1
c7i,q6,168633.05,663.576,0,105469,1
c7i,q6,168633.05,735.404,0,105469,1
c7i,q6,168633.05,740.188,0,105469,1
c7i,q6,168633.05,757.853,0,105469,1
c7i,q6,168633.05,745.511,0,105469,1
c7i,q7,70658.3,2846.416,1183214,498778,4
c7i,q7,70658.3,2856.702,1181932,500060,4
c7i,q7,70658.3,2846.354,1181912,500080,4
c7i,q7,70658.3,2530.552,1181930,500062,4
c7i,q7,70658.3,2837.028,1181918,500074,4
c7i,q7,70658.3,2742.388,1181916,500076,4
c7i,q7,70658.3,2714.793,1181946,500046,4
c7i,q7,70658.3,2657.312,1181937,500055,4
c7i,q7,70658.3,2643.889,1181921,500071,4
c7i,q7,70658.3,2732.111,1181929,500063,4
c7i,q7,70658.3,2754.662,1181915,500077,4
c7i,q7,70658.3,2738.662,1181948,500044,4
c7i,q7,70658.3,2547.424,1181953,500039,4
c7i,q7,70658.3,2593.123,1181939,500053,4
c7i,q7,70658.3,2729.894,1181910,500082,4
c7i,q7,70658.3,2832.408,1181938,500054,4
c7i,q7,70658.3,2746.017,1181920,500072,4
c7i,q7,70658.3,2496.461,1181927,500065,4
c7i,q7,70658.3,2693.137,1181949,500043,4
c7i,q7,70658.3,2794.445,1181937,500055,4
c7i,q8,90831.9,973.071,266545,171364,2
c7i,q8,90831.9,745.259,266506,171403,2
c7i,q8,90831.9,734.398,266482,171427,2
c7i,q8,90831.9,726.807,266515,171394,2
c7i,q8,90831.9,746.974,266476,171433,2
c7i,q8,90831.9,728.967,266511,171398,2
c7i,q8,90831.9,661.55,266506,171403,2
c7i,q8,90831.9,538.273,266527,171382,2
c7i,q8,90831.9,689.831,266490,171419,2
c7i,q8,90831.9,709.19,266468,171441,2
c7i,q8,90831.9,742.371,266502,171407,2
c7i,q8,90831.9,739.409,266578,171331,2
c7i,q8,90831.9,752.59,266511,171398,2
c7i,q8,90831.9,738.75,266497,171412,2
c7i,q8,90831.9,738.482,266552,171357,2
c7i,q8,90831.9,714.683,266506,171403,2
c7i,q8,90831.9,744.258,266521,171388,2
c7i,q8,90831.9,748.012,266487,171422,2
c7i,q8,90831.9,729.217,266523,171386,2
c7i,q8,90831.9,727.965,266500,171409,2
c7i,q9,85841.45,2552.757,1161231,322567,175
c7i,q9,85841.45,2235.903,1162307,321491,175
c7i,q9,85841.45,2481.489,1162284,321514,175
c7i,q9,85841.45,2521.749,1162311,321487,175
c7i,q9,85841.45,2495.522,1162330,321468,175
c7i,q9,85841.45,2474.811,1162322,321476,175
c7i,q9,85841.45,2294.432,1162317,321481,175
c7i,q9,85841.45,2499.717,1162311,321487,175
c7i,q9,85841.45,2478.858,1162300,321498,175
c7i,q9,85841.45,2487.221,1162306,321492,175
c7i,q9,85841.45,2493.713,1162302,321496,175
c7i,q9,85841.45,2234.757,1162313,321485,175
c7i,q9,85841.45,2470.37,1162297,321501,175
c7i,q9,85841.45,2480.169,1162349,321449,175
c7i,q9,85841.45,2466.073,1162308,321490,175
c7i,q9,85841.45,2469.527,1162330,321468,175
c7i,q9,85841.45,2292.569,1162345,321453,175
c7i,q9,85841.45,2443.918,1162345,321453,175
c7i,q9,85841.45,2488.642,1162331,321467,175
c7i,q9,85841.45,2481.713,1162335,321463,175
m5a,q10,160189.8,785.47,154356,104788,20
m5a,q10,160189.8,781.242,154399,104745,20
m5a,q10,160189.8,779.399,154267,104877,20
m5a,q10,160189.8,765.618,154556,104588,20
m5a,q10,160189.8,779.872,154236,104908,20
m5a,q10,160189.8,766.696,154066,105077,20
m5a,q10,160189.8,778.003,154746,104398,20
m5a,q10,160189.8,784.677,154226,104918,20
m5a,q10,160189.8,772.409,154809,104335,20
m5a,q10,160189.8,784.196,154535,104609,20
m5a,q10,160189.8,780.392,154648,104496,20
m5a,q10,160189.8,785.498,154023,105121,20
m5a,q10,160189.8,783.81,154294,104850,20
m5a,q10,160189.8,780.347,154782,104362,20
m5a,q10,160189.8,778.566,154844,104299,20
m5a,q10,160189.8,783.297,154851,104293,20
m5a,q10,160189.8,778.098,154593,104551,20
m5a,q10,160189.8,777.561,154475,104669,20
m5a,q10,160189.8,782.294,154091,105053,20
m5a,q10,160189.8,773.76,154994,104150,20
m5a,q11,10203.71,232.129,47097,15688,1217
m5a,q11,10203.71,133.352,62785,0,1217
m5a,q11,10203.71,132.92,62785,0,1217
m5a,q11,10203.71,133.137,62785,0,1217
m5a,q11,10203.71,132.894,62785,0,1217
m5a,q11,10203.71,132.956,62785,0,1217
m5a,q11,10203.71,132.62,62785,0,1217
m5a,q11,10203.71,133.325,62785,0,1217
m5a,q11,10203.71,133.265,62785,0,1217
m5a,q11,10203.71,133.05,62785,0,1217
m5a,q11,10203.71,132.33,62785,0,1217
m5a,q11,10203.71,132.853,62785,0,1217
m5a,q11,10203.71,132.464,62785,0,1217
m5a,q11,10203.71,133.74,62785,0,1217
m5a,q11,10203.71,134.164,62785,0,1217
m5a,q11,10203.71,132.078,62785,0,1217
m5a,q11,10203.71,133.1,62785,0,1217
m5a,q11,10203.71,132.46,62785,0,1217
m5a,q11,10203.71,132.883,62785,0,1217
m5a,q11,10203.71,133.107,62785,0,1217
m5a,q12,210511.91,1104.852,262,138608,2
m5a,q12,210511.91,1106.94,455,138415,2
m5a,q12,210511.91,1108.074,647,138223,2
m5a,q12,210511.91,1085.339,839,138031,2
m5a,q12,210511.91,1108.451,1031,137839,2
m5a,q12,210511.91,1108.597,1223,137647,2
m5a,q12,210511.91,1109.873,1300,137570,2
m5a,q12,210511.91,1109.159,1267,137603,2
m5a,q12,210511.91,1105.853,1459,137411,2
m5a,q12,210511.91,1110.247,1651,137219,2
m5a,q12,210511.91,1110.75,1843,137027,2
m5a,q12,210511.91,1108.511,2035,136835,2
m5a,q12,210511.91,1108.587,2227,136643,2
m5a,q12,210511.91,1110.531,2419,136451,2
m5a,q12,210511.91,1109.902,2611,136259,2
m5a,q12,210511.91,1107.72,2803,136067,2
m5a,q12,210511.91,1109.942,2995,135875,2
m5a,q12,210511.91,1111.485,3187,135683,2
m5a,q12,210511.91,1110.538,3379,135491,2
m5a,q12,210511.91,1111.525,3571,135299,2
m5a,q13,142161.33,1282.145,1755,27998,42
m5a,q13,142161.33,1283.697,5451,24302,42
m5a,q13,142161.33,1279.79,5547,24206,42
m5a,q13,142161.33,1281.978,5643,24110,42
m5a,q13,142161.33,1284.06,5739,24014,42
m5a,q13,142161.33,1284.811,5835,23918,42
m5a,q13,142161.33,1275.365,5931,23822,42
m5a,q13,142161.33,1272.659,6027,23726,42
m5a,q13,142161.33,1270.58,6123,23630,42
m5a,q13,142161.33,1287.181,6219,23534,42
m5a,q13,142161.33,1251.934,6315,23438,42
m5a,q13,142161.33,1286.277,6411,23342,42
m5a,q13,142161.33,1289.5,6507,23246,42
m5a,q13,142161.33,1270.226,6603,23150,42
m5a,q13,142161.33,1291.205,6699,23054,42
m5a,q13,142161.33,1285.756,6795,22958,42
m5a,q13,142161.33,1289.493,6891,22862,42
m5a,q13,142161.33,1292.067,6987,22766,42
m5a,q13,142161.33,1288.906,7083,22670,42
m5a,q13,142161.33,1272.433,7179,22574,42
m5a,q14,118586.59,302.22,58,45765,1
m5a,q14,118586.59,301.595,58,45765,1
m5a,q14,118586.59,302.016,59,45765,1
m5a,q14,118586.59,301.417,59,45765,1
m5a,q14,118586.59,301.563,59,45765,1
m5a,q14,118586.59,301.017,59,45765,1
m5a,q14,118586.59,301.409,59,45765,1
m5a,q14,118586.59,302.821,59,45765,1
m5a,q14,118586.59,301.054,58,45765,1
m5a,q14,118586.59,301.175,59,45765,1
m5a,q14,118586.59,300.582,58,45765,1
m5a,q14,118586.59,301.103,59,45765,1
m5a,q14,118586.59,302.558,59,45765,1
m5a,q14,118586.59,301.269,59,45765,1
m5a,q14,118586.59,302.376,59,45765,1
m5a,q14,118586.59,301.735,59,45765,1
m5a,q14,118586.59,301.309,58,45765,1
m5a,q14,118586.59,301.411,59,45765,1
m5a,q14,118586.59,301.425,59,45765,1
m5a,q14,118586.59,302.318,59,45765,1
m5a,q16,40977.39,434.668,529,21911,18141
m5a,q16,40977.39,433.145,944,21496,18141
m5a,q16,40977.39,431.227,1136,21304,18141
m5a,q16,40977.39,432.42,1328,21112,18141
m5a,q16,40977.39,433.503,1520,20920,18141
m5a,q16,40977.39,434.056,1712,20728,18141
m5a,q16,40977.39,434.443,1904,20536,18141
m5a,q16,40977.39,433.631,2096,20344,18141
m5a,q16,40977.39,436.613,2288,20152,18141
m5a,q16,40977.39,430.008,2480,19960,18141
m5a,q16,40977.39,434.408,2672,19768,18141
m5a,q16,40977.39,435.446,2864,19576,18141
m5a,q16,40977.39,433.995,3056,19384,18141
m5a,q16,40977.39,435.63,3248,19192,18141
m5a,q16,40977.39,430.596,3440,19000,18141
m5a,q16,40977.39,435.926,3632,18808,18141
m5a,q16,40977.39,433.238,3824,18616,18141
m5a,q16,40977.39,437.614,4016,18424,18141
m5a,q16,40977.39,438.903,4208,18232,18141
m5a,q16,40977.39,434.401,4400,18040,18141
m5a,q17,731369.7,691.751,226261,8271,1
m5a,q17,731369.7,539.885,232356,2176,1
m5a,q17,731369.7,540.142,232388,2144,1
m5a,q17,731369.7,538.111,232420,2112,1
m5a,q17,731369.7,537.048,232452,2080,1
m5a,q17,731369.7,538.266,232484,2048,1
m5a,q17,731369.7,540.549,232516,2016,1
m5a,q17,731369.7,540.061,232548,1984,1
m5a,q17,731369.7,539.124,232580,1952,1
m5a,q17,731369.7,540.264,232612,1920,1
m5a,q17,731369.7,541.021,232644,1888,1
m5a,q17,731369.7,540.799,232676,1856,1
m5a,q17,731369.7,538.963,232708,1824,1
m5a,q17,731369.7,541.518,232740,1792,1
m5a,q17,731369.7,539.064,232772,1760,1
m5a,q17,731369.7,540.159,232804,1728,1
m5a,q17,731369.7,540.584,232836,1696,1
m5a,q17,731369.7,540.524,232868,1664,1
m5a,q17,731369.7,541.464,232900,1632,1
m5a,q17,731369.7,537.58,232932,1600,1
m5a,q18,322525.59,4980.923,151778,245418,9
m5a,q18,322525.59,4896.615,153062,244134,9
m5a,q18,322525.59,4957.018,151169,246027,9
m5a,q18,322525.59,4955.166,153197,243999,9
m5a,q18,322525.59,4944.877,152033,245163,9
m5a,q18,322525.59,4876.446,152099,245097,9
m5a,q18,322525.59,4828.691,153744,243452,9
m5a,q18,322525.59,4953.404,151513,245683,9
m5a,q18,322525.59,4950.461,152856,244340,9
m5a,q18,322525.59,4932.475,152372,244824,9
m5a,q18,322525.59,4964.416,151892,245304,9
m5a,q18,322525.59,4941.175,152954,244242,9
m5a,q18,322525.59,4940.67,152690,244506,9
m5a,q18,322525.59,4951.932,151731,245465,9
m5a,q18,322525.59,4937.018,153370,243826,9
m5a,q18,322525.59,4954.007,151395,245801,9
m5a,q18,322525.59,4947.466,153273,243923,9
m5a,q18,322525.59,4948.549,151954,245242,9
m5a,q18,322525.59,4930.527,153332,243864,9
m5a,q18,322525.59,4956.671,151310,245886,9
m5a,q19,32575.98,86.086,2994,17572,1
m5a,q19,32575.98,66.906,14287,6279,1
m5a,q19,32575.98,62.086,16630,3936,1
m5a,q19,32575.98,62.202,16726,3840,1
m5a,q19,32575.98,62.236,16822,3744,1
m5a,q19,32575.98,61.949,16918,3648,1
m5a,q19,32575.98,62.015,17014,3552,1
m5a,q19,32575.98,61.834,17110,3456,1
m5a,q19,32575.98,62.113,17206,3360,1
m5a,q19,32575.98,61.829,17302,3264,1
m5a,q19,32575.98,61.779,17398,3168,1
m5a,q19,32575.98,61.91,17494,3072,1
m5a,q19,32575.98,61.8,17590,2976,1
m5a,q19,32575.98,61.936,17686,2880,1
m5a,q19,32575.98,61.71,17782,2784,1
m5a,q19,32575.98,61.93,17878,2688,1
m5a,q19,32575.98,62.094,17974,2592,1
m5a,q19,32575.98,61.797,18035,2531,1
m5a,q19,32575.98,62.174,18053,2513,1
m5a,q19,32575.98,62.011,18054,2512,1
m5a,q1,231253.32,10050.507,14,112600,4
m5a,q1,231253.32,4406.347,110,112504,4
m5a,q1,231253.32,4391.768,206,112408,4
m5a,q1,231253.32,4405.416,302,112312,4
m5a,q1,231253.32,4404.771,398,112216,4
m5a,q1,231253.32,4388.901,494,112120,4
m5a,q1,231253.32,4401.249,590,112024,4
m5a,q1,231253.32,4399.793,686,111928,4
m5a,q1,231253.32,4408.032,782,111832,4
m5a,q1,231253.32,4398.912,878,111736,4
m5a,q1,231253.32,4400.586,974,111640,4
m5a,q1,231253.32,4351.376,1070,111544,4
m5a,q1,231253.32,4394.053,1166,111448,4
m5a,q1,231253.32,4400.667,1262,111352,4
m5a,q1,231253.32,4402.453,1358,111256,4
m5a,q1,231253.32,4393.418,1454,111160,4
m5a,q1,231253.32,4389.861,1550,111064,4
m5a,q1,231253.32,4404.785,1646,110968,4
m5a,q1,231253.32,4398.749,1742,110872,4
m5a,q1,231253.32,4402.323,1838,110776,4
m5a,q20,164116.85,1041.225,59148,73052,193
m5a,q20,164116.85,1042.062,57896,74304,193
m5a,q20,164116.85,1043.97,57905,74295,193
m5a,q20,164116.85,1042.347,57905,74295,193
m5a,q20,164116.85,1043.794,57904,74296,193
m5a,q20,164116.85,1045.409,57906,74294,193
m5a,q20,164116.85,1043.045,57906,74294,193
m5a,q20,164116.85,1042.947,57907,74293,193
m5a,q20,164116.85,1043.853,57907,74293,193
m5a,q20,164116.85,1042.932,57907,74293,193
m5a,q20,164116.85,1043.538,57906,74294,193
m5a,q20,164116.85,1045.865,57907,74293,193
m5a,q20,164116.85,1045.063,57904,74296,193
m5a,q20,164116.85,1043.381,57908,74292,193
m5a,q20,164116.85,1043.88,57907,74293,193
m5a,q20,164116.85,1043.473,57905,74295,193
m5a,q20,164116.85,1046.749,57900,74300,193
m5a,q20,164116.85,1043.904,57907,74293,193
m5a,q20,164116.85,1042.568,57904,74296,193
m5a,q20,164116.85,1043.398,57906,74294,193
m5a,q21,72643.41,2270.84,771893,315696,100
m5a,q21,72643.41,2270.745,771758,315831,100
m5a,q21,72643.41,2258.441,771786,315803,100
m5a,q21,72643.41,2258.827,771778,315811,100
m5a,q21,72643.41,2262.826,771755,315834,100
m5a,q21,72643.41,2268.703,771764,315825,100
m5a,q21,72643.41,2275.448,771748,315841,100
m5a,q21,72643.41,2283.948,771741,315848,100
m5a,q21,72643.41,2270.724,771789,315800,100
m5a,q21,72643.41,2254.501,771800,315789,100
m5a,q21,72643.41,2277.971,771790,315799,100
m5a,q21,72643.41,2266.451,771795,315794,100
m5a,q21,72643.41,2263.713,771765,315824,100
m5a,q21,72643.41,2277.433,771792,315797,100
m5a,q21,72643.41,2264.027,771759,315830,100
m5a,q21,72643.41,2277.364,771757,315832,100
m5a,q21,72643.41,2281.068,771795,315794,100
m5a,q21,72643.41,2257.57,771773,315816,100
m5a,q21,72643.41,2281.53,771802,315787,100
m5a,q21,72643.41,2255.856,771772,315817,100
m5a,q22,13103.26,143.627,59358,5136,7
m5a,q22,13103.26,130.903,64494,0,7
m5a,q22,13103.26,131.611,64494,0,7
m5a,q22,13103.26,131.664,64494,0,7
m5a,q22,13103.26,132.187,64494,0,7
m5a,q22,13103.26,132.045,64494,0,7
m5a,q22,13103.26,131.324,64494,0,7
m5a,q22,13103.26,131.338,64494,0,7
m5a,q22,13103.26,131.613,64494,0,7
m5a,q22,13103.26,131.723,64494,0,7
m5a,q22,13103.26,131.585,64494,0,7
m5a,q22,13103.26,131.796,64494,0,7
m5a,q22,13103.26,132.2,64494,0,7
m5a,q22,13103.26,131.438,64494,0,7
m5a,q22,13103.26,131.579,64494,0,7
m5a,q22,13103.26,131.442,64494,0,7
m5a,q22,13103.26,131.448,64494,0,7
m5a,q22,13103.26,131.406,64494,0,7
m5a,q22,13103.26,131.44,64494,0,7
m5a,q22,13103.26,131.543,64494,0,7
m5a,q2,120690.45,3139.688,1348915,36522,100
m5a,q2,120690.45,2485.346,1361142,24295,100
m5a,q2,120690.45,2483.353,1361701,23736,100
m5a,q2,120690.45,2480.584,1361513,23924,100
m5a,q2,120690.45,2480.387,1361666,23771,100
m5a,q2,120690.45,2480.059,1361456,23981,100
m5a,q2,120690.45,2475.883,1361798,23639,100
m5a,q2,120690.45,2481.031,1361267,24170,100
m5a,q2,120690.45,2478.908,1361814,23623,100
m5a,q2,120690.45,2480.572,1361589,23848,100
m5a,q2,120690.45,2476.696,1361553,23884,100
m5a,q2,120690.45,2477.556,1361574,23863,100
m5a,q2,120690.45,2475.14,1361825,23612,100
m5a,q2,120690.45,2474.997,1361395,24042,100
m5a,q2,120690.45,2478.677,1361783,23654,100
m5a,q2,120690.45,2482.058,1361567,23870,100
m5a,q2,120690.45,2486.197,1361555,23882,100
m5a,q2,120690.45,2475.56,1361596,23841,100
m5a,q2,120690.45,2484.29,1361818,23619,100
m5a,q2,120690.45,2475.646,1361416,24021,100
m5a,q3,195291.56,1977.125,493920,124546,10
m5a,q3,195291.56,729.719,493919,124547,10
m5a,q3,195291.56,728.114,493920,124546,10
m5a,q3,195291.56,729.656,493920,124546,10
m5a,q3,195291.56,728.944,493920,124546,10
m5a,q3,195291.56,730.872,493920,124546,10
m5a,q3,195291.56,729.541,493920,124546,10
m5a,q3,195291.56,729.169,493920,124546,10
m5a,q3,195291.56,728.705,493920,124546,10
m5a,q3,195291.56,729.042,493919,124547,10
m5a,q3,195291.56,730.712,493920,124546,10
m5a,q3,195291.56,731.087,493920,124546,10
m5a,q3,195291.56,728.883,493920,124546,10
m5a,q3,195291.56,730.061,493920,124546,10
m5a,q3,195291.56,729.002,493920,124546,10
m5a,q3,195291.56,728.718,493920,124546,10
m5a,q3,195291.56,730.429,493920,124546,10
m5a,q3,195291.56,729.43,493919,124547,10
m5a,q3,195291.56,730.213,493920,124546,10
m5a,q3,195291.56,731.926,493920,124546,10
m5a,q4,61263.21,320.796,169891,77503,5
m5a,q4,61263.21,317.346,169891,77503,5
m5a,q4,61263.21,315.196,169891,77503,5
m5a,q4,61263.21,316.364,169891,77503,5
m5a,q4,61263.21,315.105,169891,77503,5
m5a,q4,61263.21,316.324,169891,77503,5
m5a,q4,61263.21,316.059,169891,77503,5
m5a,q4,61263.21,314.979,169891,77503,5
m5a,q4,61263.21,315.313,169891,77503,5
m5a,q4,61263.21,315.827,169891,77503,5
m5a,q4,61263.21,315.035,169891,77503,5
m5a,q4,61263.21,315.903,169891,77503,5
m5a,q4,61263.21,314.647,169891,77503,5
m5a,q4,61263.21,315.448,169891,77503,5
m5a,q4,61263.21,316.655,169891,77503,5
m5a,q4,61263.21,318.323,169891,77503,5
m5a,q4,61263.21,316.392,169891,77503,5
m5a,q4,61263.21,315.966,169891,77503,5
m5a,q4,61263.21,316.378,169891,77503,5
m5a,q4,61263.21,315.594,169891,77503,5
m5a,q5,83490.24,750.118,320011,260914,5
m5a,q5,83490.24,697.26,322137,258788,5
m5a,q5,83490.24,698.492,322151,258774,5
m5a,q5,83490.24,696.226,322160,258765,5
m5a,q5,83490.24,698.431,322109,258816,5
m5a,q5,83490.24,698.184,322162,258763,5
m5a,q5,83490.24,697.945,322144,258781,5
m5a,q5,83490.24,698.938,322175,258750,5
m5a,q5,83490.24,699.001,322143,258782,5
m5a,q5,83490.24,699.499,322155,258770,5
m5a,q5,83490.24,700.723,322150,258775,5
m5a,q5,83490.24,701.738,322156,258769,5
m5a,q5,83490.24,699.221,322126,258799,5
m5a,q5,83490.24,697.879,322134,258791,5
m5a,q5,83490.24,698.908,322152,258773,5
m5a,q5,83490.24,699.287,322119,258806,5
m5a,q5,83490.24,696.791,322140,258785,5
m5a,q5,83490.24,698.024,322135,258790,5
m5a,q5,83490.24,697.993,322172,258753,5
m5a,q5,83490.24,697.792,322138,258787,5
m5a,q6,168633.05,767.662,132,105337,1
m5a,q6,168633.05,761.227,0,105469,1
m5a,q6,168633.05,764.572,0,105469,1
m5a,q6,168633.05,762.693,0,105469,1
m5a,q6,168633.05,762.043,0,105469,1
m5a,q6,168633.05,760.211,0,105469,1
m5a,q6,168633.05,761.826,0,105469,1
m5a,q6,168633.05,761.672,0,105469,1
m5a,q6,168633.05,757.686,0,105469,1
m5a,q6,168633.05,758.533,0,105469,1
m5a,q6,168633.05,759.632,0,105469,1
m5a,q6,168633.05,761.11,0,105469,1
m5a,q6,168633.05,764.018,0,105469,1
m5a,q6,168633.05,761.141,0,105469,1
m5a,q6,168633.05,760.864,0,105469,1
m5a,q6,168633.05,761.026,0,105469,1
m5a,q6,168633.05,762.313,0,105469,1
m5a,q6,168633.05,763.62,0,105469,1
m5a,q6,168633.05,763.159,0,105469,1
m5a,q6,168633.05,762.507,0,105469,1
m5a,q7,70658.3,3645.029,1183187,498805,4
m5a,q7,70658.3,3652.069,1181916,500076,4
m5a,q7,70658.3,3629.565,1181922,500070,4
m5a,q7,70658.3,3647.874,1181936,500056,4
m5a,q7,70658.3,3632.153,1181928,500064,4
m5a,q7,70658.3,3646.398,1181922,500070,4
m5a,q7,70658.3,3613.674,1181936,500056,4
m5a,q7,70658.3,3624.969,1181928,500064,4
m5a,q7,70658.3,3622.306,1181922,500070,4
m5a,q7,70658.3,3620.192,1181929,500063,4
m5a,q7,70658.3,3637.462,1181928,500064,4
m5a,q7,70658.3,3650.861,1181925,500067,4
m5a,q7,70658.3,3644.607,1181928,500064,4
m5a,q7,70658.3,3624.435,1181922,500070,4
m5a,q7,70658.3,4057.891,1181923,500069,4
m5a,q7,70658.3,3687.472,1181926,500066,4
m5a,q7,70658.3,3615.778,1181920,500072,4
m5a,q7,70658.3,3625.507,1181931,500061,4
m5a,q7,70658.3,3635.305,1181930,500062,4
m5a,q7,70658.3,3619.139,1181930,500062,4
m5a,q8,90831.9,763.784,266506,171403,2
m5a,q8,90831.9,520.628,266512,171397,2
m5a,q8,90831.9,519.767,266512,171397,2
m5a,q8,90831.9,520.522,266510,171399,2
m5a,q8,90831.9,519.114,266514,171395,2
m5a,q8,90831.9,520.412,266521,171388,2
m5a,q8,90831.9,519.537,266516,171393,2
m5a,q8,90831.9,520.084,266540,171369,2
m5a,q8,90831.9,519.35,266512,171397,2
m5a,q8,90831.9,519.909,266494,171415,2
m5a,q8,90831.9,521.604,266460,171449,2
m5a,q8,90831.9,520.342,266494,171415,2
m5a,q8,90831.9,520.511,266499,171410,2
m5a,q8,90831.9,520.568,266513,171396,2
m5a,q8,90831.9,520.19,266505,171404,2
m5a,q8,90831.9,519.3,266509,171400,2
m5a,q8,90831.9,519.217,266522,171387,2
m5a,q8,90831.9,520.384,266514,171395,2
m5a,q8,90831.9,521.335,266506,171403,2
m5a,q8,90831.9,519.655,266524,171385,2
m5a,q9,85841.45,2199.236,1161209,322589,175
m5a,q9,85841.45,2089.323,1162328,321470,175
m5a,q9,85841.45,2089.508,1162298,321500,175
m5a,q9,85841.45,2085.905,1162311,321487,175
m5a,q9,85841.45,2085.732,1162318,321480,175
m5a,q9,85841.45,2087.063,1162300,321498,175
m5a,q9,85841.45,2083.04,1162309,321489,175
m5a,q9,85841.45,2088.54,1162282,321516,175
m5a,q9,85841.45,2130.114,1162297,321501,175
m5a,q9,85841.45,2087.954,1162319,321479,175
m5a,q9,85841.45,2093.022,1162297,321501,175
m5a,q9,85841.45,2090.374,1162312,321486,175
m5a,q9,85841.45,2089.141,1162321,321477,175
m5a,q9,85841.45,2087.938,1162321,321477,175
m5a,q9,85841.45,2088.173,1162324,321474,175
m5a,q9,85841.45,2092.261,1162297,321501,175
m5a,q9,85841.45,2088.358,1162295,321503,175
m5a,q9,85841.45,2089.23,1162316,321482,175
m5a,q9,85841.45,2087.489,1162329,321469,175
m5a,q9,85841.45,2089.062,1162311,321487,175
r5n,q10,160189.8,1023.915,154902,104241,20
r5n,q10,160189.8,1017.464,156136,103007,20
r5n,q10,160189.8,1038.183,155500,103644,20
r5n,q10,160189.8,1041.32,156228,102916,20
r5n,q10,160189.8,1038.884,156831,102313,20
r5n,q10,160189.8,1034.105,156191,102952,20
r5n,q10,160189.8,1035.11,156303,102841,20
r5n,q10,160189.8,1039.514,156987,102157,20
r5n,q10,160189.8,1037.22,157887,101257,20
r5n,q10,160189.8,1038.966,156292,102851,20
r5n,q10,160189.8,1037.912,157362,101782,20
r5n,q10,160189.8,1039.136,155223,103921,20
r5n,q10,160189.8,1044.691,154258,104886,20
r5n,q10,160189.8,1040.258,155402,103742,20
r5n,q10,160189.8,1041.953,156334,102810,20
r5n,q10,160189.8,1045.491,156191,102952,20
r5n,q10,160189.8,1036.303,156896,102248,20
r5n,q10,160189.8,1040.192,155389,103755,20
r5n,q10,160189.8,1037.451,156169,102974,20
r5n,q10,160189.8,1048.693,154529,104615,20
r5n,q11,10203.71,185.817,47003,15782,1217
r5n,q11,10203.71,102.466,62785,0,1217
r5n,q11,10203.71,102.132,62785,0,1217
r5n,q11,10203.71,102.603,62785,0,1217
r5n,q11,10203.71,102.334,62785,0,1217
r5n,q11,10203.71,103.191,62785,0,1217
r5n,q11,10203.71,101.563,62785,0,1217
r5n,q11,10203.71,102.46,62785,0,1217
r5n,q11,10203.71,102.292,62785,0,1217
r5n,q11,10203.71,103.006,62785,0,1217
r5n,q11,10203.71,102.375,62785,0,1217
r5n,q11,10203.71,102.926,62785,0,1217
r5n,q11,10203.71,103.158,62785,0,1217
r5n,q11,10203.71,102.728,62785,0,1217
r5n,q11,10203.71,102.447,62785,0,1217
r5n,q11,10203.71,102.064,62785,0,1217
r5n,q11,10203.71,101.808,62785,0,1217
r5n,q11,10203.71,102.295,62785,0,1217
r5n,q11,10203.71,102.069,62785,0,1217
r5n,q11,10203.71,102.569,62785,0,1217
r5n,q12,210511.91,1562.844,209,138661,2
r5n,q12,210511.91,1564.792,402,138468,2
r5n,q12,210511.91,1562.24,594,138276,2
r5n,q12,210511.91,1559.782,786,138084,2
r5n,q12,210511.91,1560.185,978,137892,2
r5n,q12,210511.91,1559.45,1170,137700,2
r5n,q12,210511.91,1561.94,1289,137581,2
r5n,q12,210511.91,1560.589,1294,137576,2
r5n,q12,210511.91,1560.972,1396,137474,2
r5n,q12,210511.91,1556.63,1588,137282,2
r5n,q12,210511.91,1557.039,1780,137090,2
r5n,q12,210511.91,1563.166,1972,136898,2
r5n,q12,210511.91,1552.28,2164,136706,2
r5n,q12,210511.91,1557.744,2356,136514,2
r5n,q12,210511.91,1553.317,2548,136322,2
r5n,q12,210511.91,1559.636,2740,136130,2
r5n,q12,210511.91,1555.861,2932,135938,2
r5n,q12,210511.91,1553.763,3124,135746,2
r5n,q12,210511.91,1554.854,3316,135554,2
r5n,q12,210511.91,1551.99,3508,135362,2
r5n,q13,142161.33,1627.505,1780,27973,42
r5n,q13,142161.33,1634.088,5476,24277,42
r5n,q13,142161.33,1625.713,5572,24181,42
r5n,q13,142161.33,1626.766,5668,24085,42
r5n,q13,142161.33,1633.396,5764,23989,42
r5n,q13,142161.33,1621.833,5860,23893,42
r5n,q13,142161.33,1622.745,5956,23797,42
r5n,q13,142161.33,1634.624,6052,23701,42
r5n,q13,142161.33,1628.593,6148,23605,42
r5n,q13,142161.33,1636.204,6244,23509,42
r5n,q13,142161.33,1628.608,6340,23413,42
r5n,q13,142161.33,1625.586,6436,23317,42
r5n,q13,142161.33,1626.343,6532,23221,42
r5n,q13,142161.33,1620.159,6628,23125,42
r5n,q13,142161.33,1625.822,6724,23029,42
r5n,q13,142161.33,1613.86,6820,22933,42
r5n,q13,142161.33,1616.482,6916,22837,42
r5n,q13,142161.33,1615.512,7012,22741,42
r5n,q13,142161.33,1617.419,7108,22645,42
r5n,q13,142161.33,1614.976,7204,22549,42
r5n,q14,118586.59,427.622,59,45765,1
r5n,q14,118586.59,424.72,59,45765,1
r5n,q14,118586.59,423.96,58,45765,1
r5n,q14,118586.59,425.276,58,45765,1
r5n,q14,118586.59,423.467,59,45765,1
r5n,q14,118586.59,424.139,58,45765,1
r5n,q14,118586.59,422.446,59,45765,1
r5n,q14,118586.59,421.285,59,45765,1
r5n,q14,118586.59,423.622,58,45765,1
r5n,q14,118586.59,420.867,59,45765,1
r5n,q14,118586.59,422.818,58,45765,1
r5n,q14,118586.59,421.81,58,45765,1
r5n,q14,118586.59,424.154,59,45765,1
r5n,q14,118586.59,422.686,59,45765,1
r5n,q14,118586.59,422.793,59,45765,1
r5n,q14,118586.59,420.406,59,45765,1
r5n,q14,118586.59,422.187,59,45765,1
r5n,q14,118586.59,423.508,59,45765,1
r5n,q14,118586.59,422.453,59,45765,1
r5n,q14,118586.59,419.753,59,45765,1
r5n,q16,40977.39,552.878,529,21911,18141
r5n,q16,40977.39,556.208,945,21495,18141
r5n,q16,40977.39,555.712,1137,21303,18141
r5n,q16,40977.39,560.668,1329,21111,18141
r5n,q16,40977.39,563.775,1521,20919,18141
r5n,q16,40977.39,556.19,1713,20727,18141
r5n,q16,40977.39,565.102,1905,20535,18141
r5n,q16,40977.39,560.815,2097,20343,18141
r5n,q16,40977.39,568.975,2289,20151,18141
r5n,q16,40977.39,564.443,2481,19959,18141
r5n,q16,40977.39,557.491,2673,19767,18141
r5n,q16,40977.39,564.98,2865,19575,18141
r5n,q16,40977.39,561.991,3057,19383,18141
r5n,q16,40977.39,564.323,3249,19191,18141
r5n,q16,40977.39,555.271,3441,18999,18141
r5n,q16,40977.39,558.665,3633,18807,18141
r5n,q16,40977.39,563.801,3825,18615,18141
r5n,q16,40977.39,555.383,4017,18423,18141
r5n,q16,40977.39,557.377,4209,18231,18141
r5n,q16,40977.39,564.738,4401,18039,18141
r5n,q17,731369.7,476.633,226261,8271,1
r5n,q17,731369.7,363.699,232356,2176,1
r5n,q17,731369.7,362.639,232388,2144,1
r5n,q17,731369.7,362.123,232420,2112,1
r5n,q17,731369.7,361.858,232452,2080,1
r5n,q17,731369.7,362.955,232484,2048,1
r5n,q17,731369.7,363.063,232516,2016,1
r5n,q17,731369.7,364.198,232548,1984,1
r5n,q17,731369.7,362.195,232580,1952,1
r5n,q17,731369.7,362.183,232612,1920,1
r5n,q17,731369.7,362.197,232644,1888,1
r5n,q17,731369.7,361.951,232676,1856,1
r5n,q17,731369.7,364.504,232708,1824,1
r5n,q17,731369.7,364.104,232740,1792,1
r5n,q17,731369.7,363.552,232772,1760,1
r5n,q17,731369.7,363.907,232804,1728,1
r5n,q17,731369.7,353.883,232836,1696,1
r5n,q17,731369.7,354.194,232868,1664,1
r5n,q17,731369.7,351.623,232900,1632,1
r5n,q17,731369.7,352.887,232932,1600,1
r5n,q18,322525.59,7201.478,241490,155706,9
r5n,q18,322525.59,7181.839,245408,151788,9
r5n,q18,322525.59,7200.895,245408,151788,9
r5n,q18,322525.59,7339.895,189356,207840,9
r5n,q18,322525.59,7358.533,179442,217754,9
r5n,q18,322525.59,7266.196,228343,168853,9
r5n,q18,322525.59,7235.978,245365,151831,9
r5n,q18,322525.59,7231.062,244065,153131,9
r5n,q18,322525.59,7238.41,245407,151789,9
r5n,q18,322525.59,7243.472,245393,151803,9
r5n,q18,322525.59,7230.009,245407,151789,9
r5n,q18,322525.59,7232.344,245407,151789,9
r5n,q18,322525.59,7238.031,245407,151789,9
r5n,q18,322525.59,7237.132,245407,151789,9
r5n,q18,322525.59,7246.51,240996,156200,9
r5n,q18,322525.59,7231.001,245407,151789,9
r5n,q18,322525.59,7229.112,245407,151789,9
r5n,q18,322525.59,7168.291,245407,151789,9
r5n,q18,322525.59,7267.255,194711,202485,9
r5n,q18,322525.59,7225.488,242492,154704,9
r5n,q19,32575.98,114.575,2996,17570,1
r5n,q19,32575.98,94.033,10867,9699,1
r5n,q19,32575.98,76.208,16630,3936,1
r5n,q19,32575.98,74.166,16726,3840,1
r5n,q19,32575.98,74.252,16822,3744,1
r5n,q19,32575.98,73.37,16918,3648,1
r5n,q19,32575.98,73.241,17014,3552,1
r5n,q19,32575.98,72.638,17110,3456,1
r5n,q19,32575.98,74.395,17206,3360,1
r5n,q19,32575.98,73.587,17302,3264,1
r5n,q19,32575.98,74.108,17398,3168,1
r5n,q19,32575.98,72.801,17494,3072,1
r5n,q19,32575.98,73.968,17590,2976,1
r5n,q19,32575.98,73.348,17686,2880,1
r5n,q19,32575.98,72.878,17782,2784,1
r5n,q19,32575.98,73.191,17878,2688,1
r5n,q19,32575.98,73.527,17974,2592,1
r5n,q19,32575.98,74.027,18037,2529,1
r5n,q19,32575.98,74.02,18065,2501,1
r5n,q19,32575.98,72.799,18054,2512,1
r5n,q1,231253.32,7616.392,14,112600,4
r5n,q1,231253.32,7097.057,110,112504,4
r5n,q1,231253.32,7086.383,206,112408,4
r5n,q1,231253.32,7104.032,302,112312,4
r5n,q1,231253.32,7112.495,398,112216,4
r5n,q1,231253.32,7102.682,494,112120,4
r5n,q1,231253.32,7100.541,590,112024,4
r5n,q1,231253.32,7099.696,686,111928,4
r5n,q1,231253.32,7088.916,782,111832,4
r5n,q1,231253.32,7104.169,878,111736,4
r5n,q1,231253.32,7100.15,974,111640,4
r5n,q1,231253.32,7101.813,1070,111544,4
r5n,q1,231253.32,7110.85,1166,111448,4
r5n,q1,231253.32,7105.214,1262,111352,4
r5n,q1,231253.32,7100.676,1358,111256,4
r5n,q1,231253.32,7103.513,1454,111160,4
r5n,q1,231253.32,7106.527,1550,111064,4
r5n,q1,231253.32,7106.666,1646,110968,4
r5n,q1,231253.32,7105.876,1742,110872,4
r5n,q1,231253.32,7103.015,1838,110776,4
r5n,q20,164116.85,885.441,59102,73098,193
r5n,q20,164116.85,873.234,57900,74300,193
r5n,q20,164116.85,873.211,57908,74292,193
r5n,q20,164116.85,882.366,57908,74292,193
r5n,q20,164116.85,884.649,57913,74287,193
r5n,q20,164116.85,882.588,57918,74282,193
r5n,q20,164116.85,884.496,57914,74286,193
r5n,q20,164116.85,891.01,57907,74293,193
r5n,q20,164116.85,888.294,57909,74291,193
r5n,q20,164116.85,890.364,57909,74291,193
r5n,q20,164116.85,885.736,57916,74284,193
r5n,q20,164116.85,890.65,57909,74291,193
r5n,q20,164116.85,888.719,57907,74293,193
r5n,q20,164116.85,886.705,57910,74290,193
r5n,q20,164116.85,892.011,57901,74299,193
r5n,q20,164116.85,888.698,57908,74292,193
r5n,q20,164116.85,889.555,57908,74292,193
r5n,q20,164116.85,879.372,57917,74283,193
r5n,q20,164116.85,874.148,57909,74291,193
r5n,q20,164116.85,862.575,57908,74292,193
r5n,q21,72643.41,2524.3,772728,314861,100
r5n,q21,72643.41,2559.935,772103,315486,100
r5n,q21,72643.41,2568.656,772233,315356,100
r5n,q21,72643.41,2559.305,772387,315202,100
r5n,q21,72643.41,2575.65,771823,315766,100
r5n,q21,72643.41,2560.292,772183,315406,100
r5n,q21,72643.41,2566.759,771785,315804,100
r5n,q21,72643.41,2569.203,771943,315646,100
r5n,q21,72643.41,2575.451,772055,315534,100
r5n,q21,72643.41,2577.082,771885,315704,100
r5n,q21,72643.41,2582.967,772144,315445,100
r5n,q21,72643.41,2575.344,772542,315047,100
r5n,q21,72643.41,2603.086,772405,315184,100
r5n,q21,72643.41,2577.576,772437,315152,100
r5n,q21,72643.41,2590.162,771758,315831,100
r5n,q21,72643.41,2580.129,771870,315719,100
r5n,q21,72643.41,2568.591,772756,314833,100
r5n,q21,72643.41,2590.586,772124,315465,100
r5n,q21,72643.41,2570.18,772198,315391,100
r5n,q21,72643.41,2579.628,771799,315790,100
r5n,q22,13103.26,190.445,59358,5136,7
r5n,q22,13103.26,178.198,64494,0,7
r5n,q22,13103.26,177.994,64494,0,7
r5n,q22,13103.26,177.867,64494,0,7
r5n,q22,13103.26,174.161,64494,0,7
r5n,q22,13103.26,179.93,64494,0,7
r5n,q22,13103.26,176.723,64494,0,7
r5n,q22,13103.26,174.203,64494,0,7
r5n,q22,13103.26,178.145,64494,0,7
r5n,q22,13103.26,178.177,64494,0,7
r5n,q22,13103.26,178.035,64494,0,7
r5n,q22,13103.26,177.854,64494,0,7
r5n,q22,13103.26,177.798,64494,0,7
r5n,q22,13103.26,176.151,64494,0,7
r5n,q22,13103.26,174.275,64494,0,7
r5n,q22,13103.26,178.276,64494,0,7
r5n,q22,13103.26,178.002,64494,0,7
r5n,q22,13103.26,176.41,64494,0,7
r5n,q22,13103.26,179.444,64494,0,7
r5n,q22,13103.26,175.989,64494,0,7
r5n,q2,120690.45,2525.833,1348915,36522,100
r5n,q2,120690.45,1686.104,1361142,24295,100
r5n,q2,120690.45,1682.305,1361701,23736,100
r5n,q2,120690.45,1688.151,1361454,23983,100
r5n,q2,120690.45,1696.753,1361741,23696,100
r5n,q2,120690.45,1682.35,1361483,23954,100
r5n,q2,120690.45,1684.425,1361833,23604,100
r5n,q2,120690.45,1682.968,1361268,24169,100
r5n,q2,120690.45,1689.357,1361832,23605,100
r5n,q2,120690.45,1688.574,1361565,23872,100
r5n,q2,120690.45,1692.394,1361553,23884,100
r5n,q2,120690.45,1681.022,1361573,23864,100
r5n,q2,120690.45,1681.974,1361808,23629,100
r5n,q2,120690.45,1693.308,1361392,24045,100
r5n,q2,120690.45,1686.676,1361804,23633,100
r5n,q2,120690.45,1701.287,1361496,23941,100
r5n,q2,120690.45,1690.084,1361608,23829,100
r5n,q2,120690.45,1684.429,1361543,23894,100
r5n,q2,120690.45,1687.781,1361815,23622,100
r5n,q2,120690.45,1692.192,1361420,24017,100
r5n,q3,195291.56,5459.971,493923,124543,10
r5n,q3,195291.56,1071.101,493920,124546,10
r5n,q3,195291.56,1071.534,493921,124545,10
r5n,q3,195291.56,1071.142,493920,124546,10
r5n,q3,195291.56,1069.581,493920,124546,10
r5n,q3,195291.56,1081.964,493920,124546,10
r5n,q3,195291.56,1068.606,493921,124545,10
r5n,q3,195291.56,1072.221,493920,124546,10
r5n,q3,195291.56,1070.394,493920,124546,10
r5n,q3,195291.56,1064.842,493920,124546,10
r5n,q3,195291.56,1067.8,493920,124546,10
r5n,q3,195291.56,1060.442,493920,124546,10
r5n,q3,195291.56,1064.957,493920,124546,10
r5n,q3,195291.56,1061.152,493920,124546,10
r5n,q3,195291.56,1065.291,493920,124546,10
r5n,q3,195291.56,1062.256,493920,124546,10
r5n,q3,195291.56,1062.909,493920,124546,10
r5n,q3,195291.56,1066.465,493920,124546,10
r5n,q3,195291.56,1062.6,493919,124547,10
r5n,q3,195291.56,1059.014,493920,124546,10
r5n,q4,61263.21,534.22,169891,77503,5
r5n,q4,61263.21,448.307,169891,77503,5
r5n,q4,61263.21,438.375,169891,77503,5
r5n,q4,61263.21,440.902,169891,77503,5
r5n,q4,61263.21,439.251,169891,77503,5
r5n,q4,61263.21,438.655,169891,77503,5
r5n,q4,61263.21,439.866,169891,77503,5
r5n,q4,61263.21,438.935,169891,77503,5
r5n,q4,61263.21,440.901,169891,77503,5
r5n,q4,61263.21,442.554,169891,77503,5
r5n,q4,61263.21,444.118,169891,77503,5
r5n,q4,61263.21,437.283,169891,77503,5
r5n,q4,61263.21,437.167,169891,77503,5
r5n,q4,61263.21,438.524,169891,77503,5
r5n,q4,61263.21,437.253,169891,77503,5
r5n,q4,61263.21,441.575,169891,77503,5
r5n,q4,61263.21,443.04,169891,77503,5
r5n,q4,61263.21,439.049,169891,77503,5
r5n,q4,61263.21,439.594,169891,77503,5
r5n,q4,61263.21,440.912,169891,77503,5
r5n,q5,83490.24,1412.925,320009,260916,5
r5n,q5,83490.24,1127.255,322183,258742,5
r5n,q5,83490.24,1131.191,322206,258719,5
r5n,q5,83490.24,1120.962,322179,258746,5
r5n,q5,83490.24,1104.139,322213,258712,5
r5n,q5,83490.24,1110.593,322190,258735,5
r5n,q5,83490.24,1118.232,322204,258721,5
r5n,q5,83490.24,1101.033,322210,258715,5
r5n,q5,83490.24,1075.88,322165,258760,5
r5n,q5,83490.24,1089.024,322169,258756,5
r5n,q5,83490.24,1082.635,322161,258764,5
r5n,q5,83490.24,1082.21,322153,258772,5
r5n,q5,83490.24,1076.097,322229,258696,5
r5n,q5,83490.24,1088.604,322202,258723,5
r5n,q5,83490.24,1087.13,322224,258701,5
r5n,q5,83490.24,1087.123,322171,258754,5
r5n,q5,83490.24,1112.955,322177,258748,5
r5n,q5,83490.24,1120.459,322189,258736,5
r5n,q5,83490.24,1132.405,322183,258742,5
r5n,q5,83490.24,1130.636,322215,258710,5
r5n,q6,168633.05,1072.878,132,105337,1
r5n,q6,168633.05,1069.629,0,105469,1
r5n,q6,168633.05,1071.502,0,105469,1
r5n,q6,168633.05,1076.607,0,105469,1
r5n,q6,168633.05,1541.054,0,105469,1
r5n,q6,168633.05,1535.673,0,105469,1
r5n,q6,168633.05,1633.364,0,105469,1
r5n,q6,168633.05,1236.112,0,105469,1
r5n,q6,168633.05,1068.59,0,105469,1
r5n,q6,168633.05,1066.965,0,105469,1
r5n,q6,168633.05,1067.115,0,105469,1
r5n,q6,168633.05,1065.335,0,105469,1
r5n,q6,168633.05,1067.024,0,105469,1
r5n,q6,168633.05,1063.9,0,105469,1
r5n,q6,168633.05,1056.852,0,105469,1
r5n,q6,168633.05,1058.135,0,105469,1
r5n,q6,168633.05,1066.622,0,105469,1
r5n,q6,168633.05,1065.572,0,105469,1
r5n,q6,168633.05,1053.969,0,105469,1
r5n,q6,168633.05,1053.698,0,105469,1
r5n,q7,70658.3,3495.951,1183215,498777,4
r5n,q7,70658.3,3514.106,1181922,500070,4
r5n,q7,70658.3,3507.94,1181923,500069,4
r5n,q7,70658.3,3503.9,1181919,500073,4
r5n,q7,70658.3,3446.421,1181932,500060,4
r5n,q7,70658.3,3475.329,1181943,500049,4
r5n,q7,70658.3,3602.084,1181956,500036,4
r5n,q7,70658.3,3454.835,1181940,500052,4
r5n,q7,70658.3,3479.006,1181945,500047,4
r5n,q7,70658.3,3623.707,1181935,500057,4
r5n,q7,70658.3,3632.884,1181945,500047,4
r5n,q7,70658.3,3672.494,1181929,500063,4
r5n,q7,70658.3,3679.468,1181914,500078,4
r5n,q7,70658.3,3721.408,1181927,500065,4
r5n,q7,70658.3,3670.734,1181934,500058,4
r5n,q7,70658.3,3682.426,1181918,500074,4
r5n,q7,70658.3,3618.682,1181953,500039,4
r5n,q7,70658.3,3603.113,1181922,500070,4
r5n,q7,70658.3,3670.572,1181948,500044,4
r5n,q7,70658.3,3591.595,1181914,500078,4
r5n,q8,90831.9,896.466,266504,171405,2
r5n,q8,90831.9,820.698,266519,171390,2
r5n,q8,90831.9,821.805,266492,171417,2
r5n,q8,90831.9,819.613,266527,171382,2
r5n,q8,90831.9,824.036,266480,171429,2
r5n,q8,90831.9,821.476,266534,171375,2
r5n,q8,90831.9,822.803,266536,171373,2
r5n,q8,90831.9,821.145,266516,171393,2
r5n,q8,90831.9,823.964,266513,171396,2
r5n,q8,90831.9,819.006,266528,171381,2
r5n,q8,90831.9,822.269,266475,171434,2
r5n,q8,90831.9,819.126,266529,171380,2
r5n,q8,90831.9,816.062,266508,171401,2
r5n,q8,90831.9,821.612,266479,171430,2
r5n,q8,90831.9,824.36,266523,171386,2
r5n,q8,90831.9,830.292,266507,171402,2
r5n,q8,90831.9,827.913,266493,171416,2
r5n,q8,90831.9,824.755,266481,171428,2
r5n,q8,90831.9,821.993,266522,171387,2
r5n,q8,90831.9,821.017,266535,171374,2
r5n,q9,85841.45,3082.237,1161246,322552,175
r5n,q9,85841.45,3023.096,1162329,321469,175
r5n,q9,85841.45,3028.195,1162331,321467,175
r5n,q9,85841.45,3035.852,1162351,321447,175
r5n,q9,85841.45,3025.228,1162344,321454,175
r5n,q9,85841.45,3028.15,1162309,321489,175
r5n,q9,85841.45,3029.943,1162350,321448,175
r5n,q9,85841.45,3018.264,1162346,321452,175
r5n,q9,85841.45,3006.761,1162318,321480,175
r5n,q9,85841.45,2992.442,1162323,321475,175
r5n,q9,85841.45,3010.801,1162307,321491,175
r5n,q9,85841.45,3002.546,1162328,321470,175
r5n,q9,85841.45,3001.531,1162350,321448,175
r5n,q9,85841.45,3016.241,1162355,321443,175
r5n,q9,85841.45,3023.894,1162305,321493,175
r5n,q9,85841.45,3019.654,1162360,321438,175
r5n,q9,85841.45,3020.216,1162289,321509,175
r5n,q9,85841.45,2978.839,1162324,321474,175
r5n,q9,85841.45,2939.375,1162344,321454,175
r5n,q9,85841.45,2953.451,1162323,321475,175
z1d,q10,160189.8,906.642,156137,103006,20
z1d,q10,160189.8,904.133,155752,103392,20
z1d,q10,160189.8,903.054,155190,103953,20
z1d,q10,160189.8,897.728,157282,101862,20
z1d,q10,160189.8,907.964,154372,104772,20
z1d,q10,160189.8,897.251,156929,102214,20
z1d,q10,160189.8,899.882,155788,103356,20
z1d,q10,160189.8,905.691,156166,102978,20
z1d,q10,160189.8,899.631,156861,102282,20
z1d,q10,160189.8,899.09,156456,102688,20
z1d,q10,160189.8,901.451,155713,103431,20
z1d,q10,160189.8,900.78,156351,102793,20
z1d,q10,160189.8,907.911,155381,103762,20
z1d,q10,160189.8,896.988,158490,100653,20
z1d,q10,160189.8,904.947,156672,102472,20
z1d,q10,160189.8,904.624,155914,103230,20
z1d,q10,160189.8,900.408,156458,102685,20
z1d,q10,160189.8,897.262,156528,102616,20
z1d,q10,160189.8,894.273,159117,100027,20
z1d,q10,160189.8,897.733,158861,100283,20
z1d,q11,10203.71,152.782,47159,15626,1217
z1d,q11,10203.71,73.461,62785,0,1217
z1d,q11,10203.71,73.437,62785,0,1217
z1d,q11,10203.71,72.347,62785,0,1217
z1d,q11,10203.71,72.244,62785,0,1217
z1d,q11,10203.71,72.444,62785,0,1217
z1d,q11,10203.71,72.321,62785,0,1217
z1d,q11,10203.71,72.156,62785,0,1217
z1d,q11,10203.71,72.179,62785,0,1217
z1d,q11,10203.71,72.563,62785,0,1217
z1d,q11,10203.71,72.711,62785,0,1217
z1d,q11,10203.71,71.94,62785,0,1217
z1d,q11,10203.71,72.126,62785,0,1217
z1d,q11,10203.71,73.353,62785,0,1217
z1d,q11,10203.71,72.308,62785,0,1217
z1d,q11,10203.71,72.723,62785,0,1217
z1d,q11,10203.71,72.316,62785,0,1217
z1d,q11,10203.71,73.38,62785,0,1217
z1d,q11,10203.71,72.629,62785,0,1217
z1d,q11,10203.71,73.241,62785,0,1217
z1d,q12,210511.91,1241.243,229,138641,2
z1d,q12,210511.91,1242.15,422,138448,2
z1d,q12,210511.91,1245.094,614,138256,2
z1d,q12,210511.91,1244.149,806,138064,2
z1d,q12,210511.91,1246.795,998,137872,2
z1d,q12,210511.91,1246.147,1190,137680,2
z1d,q12,210511.91,1247.021,1297,137573,2
z1d,q12,210511.91,1247.405,1267,137603,2
z1d,q12,210511.91,1242.518,1438,137432,2
z1d,q12,210511.91,1242.252,1630,137240,2
z1d,q12,210511.91,1243.078,1822,137048,2
z1d,q12,210511.91,1242.054,2014,136856,2
z1d,q12,210511.91,1239.872,2206,136664,2
z1d,q12,210511.91,1239.502,2398,136472,2
z1d,q12,210511.91,1241.754,2590,136280,2
z1d,q12,210511.91,1241.472,2782,136088,2
z1d,q12,210511.91,1240.492,2974,135896,2
z1d,q12,210511.91,1240.573,3166,135704,2
z1d,q12,210511.91,1241.53,3358,135512,2
z1d,q12,210511.91,1242.04,3550,135320,2
z1d,q13,142161.33,1174.185,1735,28018,42
z1d,q13,142161.33,1158.093,5431,24322,42
z1d,q13,142161.33,1161.097,5527,24226,42
z1d,q13,142161.33,1169.398,5623,24130,42
z1d,q13,142161.33,1162.031,5719,24034,42
z1d,q13,142161.33,1165.415,5815,23938,42
z1d,q13,142161.33,1164.013,5911,23842,42
z1d,q13,142161.33,1166.307,6007,23746,42
z1d,q13,142161.33,1163.004,6103,23650,42
z1d,q13,142161.33,1161.724,6199,23554,42
z1d,q13,142161.33,1167.458,6295,23458,42
z1d,q13,142161.33,1158.403,6391,23362,42
z1d,q13,142161.33,1167.783,6487,23266,42
z1d,q13,142161.33,1165.218,6583,23170,42
z1d,q13,142161.33,1165.323,6679,23074,42
z1d,q13,142161.33,1168.504,6775,22978,42
z1d,q13,142161.33,1163.544,6871,22882,42
z1d,q13,142161.33,1168.169,6967,22786,42
z1d,q13,142161.33,1169.028,7063,22690,42
z1d,q13,142161.33,1170.446,7159,22594,42
z1d,q14,118586.59,363.16,59,45765,1
z1d,q14,118586.59,363.108,58,45765,1
z1d,q14,118586.59,363.721,59,45765,1
z1d,q14,118586.59,362.63,59,45765,1
z1d,q14,118586.59,363.043,59,45765,1
z1d,q14,118586.59,363.18,59,45765,1
z1d,q14,118586.59,363.027,59,45765,1
z1d,q14,118586.59,364.197,59,45765,1
z1d,q14,118586.59,362.338,59,45765,1
z1d,q14,118586.59,362.387,59,45765,1
z1d,q14,118586.59,364.171,59,45765,1
z1d,q14,118586.59,363.41,59,45765,1
z1d,q14,118586.59,361.75,58,45765,1
z1d,q14,118586.59,364.052,59,45765,1
z1d,q14,118586.59,363.644,59,45765,1
z1d,q14,118586.59,363.715,59,45765,1
z1d,q14,118586.59,363.447,59,45765,1
z1d,q14,118586.59,361.973,59,45765,1
z1d,q14,118586.59,364.117,59,45765,1
z1d,q14,118586.59,363.972,59,45765,1
z1d,q16,40977.39,442.82,529,21911,18141
z1d,q16,40977.39,439.641,945,21495,18141
z1d,q16,40977.39,441.126,1137,21303,18141
z1d,q16,40977.39,441.543,1329,21111,18141
z1d,q16,40977.39,439.476,1521,20919,18141
z1d,q16,40977.39,442.425,1713,20727,18141
z1d,q16,40977.39,441.188,1905,20535,18141
z1d,q16,40977.39,439.497,2097,20343,18141
z1d,q16,40977.39,437.847,2289,20151,18141
z1d,q16,40977.39,438.968,2481,19959,18141
z1d,q16,40977.39,437.869,2673,19767,18141
z1d,q16,40977.39,439.559,2865,19575,18141
z1d,q16,40977.39,442.54,3057,19383,18141
z1d,q16,40977.39,436.799,3249,19191,18141
z1d,q16,40977.39,441.739,3441,18999,18141
z1d,q16,40977.39,434.741,3633,18807,18141
z1d,q16,40977.39,440.59,3825,18615,18141
z1d,q16,40977.39,442.943,4017,18423,18141
z1d,q16,40977.39,440.563,4209,18231,18141
z1d,q16,40977.39,434.887,4401,18039,18141
z1d,q17,731369.7,391.9,226262,8270,1
z1d,q17,731369.7,293.017,232356,2176,1
z1d,q17,731369.7,293.05,232388,2144,1
z1d,q17,731369.7,292.886,232420,2112,1
z1d,q17,731369.7,293.712,232452,2080,1
z1d,q17,731369.7,293.229,232484,2048,1
z1d,q17,731369.7,293.078,232516,2016,1
z1d,q17,731369.7,293.467,232548,1984,1
z1d,q17,731369.7,293.193,232580,1952,1
z1d,q17,731369.7,292.989,232612,1920,1
z1d,q17,731369.7,292.593,232644,1888,1
z1d,q17,731369.7,293.245,232676,1856,1
z1d,q17,731369.7,293.503,232708,1824,1
z1d,q17,731369.7,292.838,232740,1792,1
z1d,q17,731369.7,292.992,232772,1760,1
z1d,q17,731369.7,292.764,232804,1728,1
z1d,q17,731369.7,292.566,232836,1696,1
z1d,q17,731369.7,292.43,232868,1664,1
z1d,q17,731369.7,292.733,232900,1632,1
z1d,q17,731369.7,292.616,232932,1600,1
z1d,q18,322525.59,6289.715,244816,152380,9
z1d,q18,322525.59,6459.013,149582,247614,9
z1d,q18,322525.59,6291.006,242842,154354,9
z1d,q18,322525.59,6286.002,245407,151789,9
z1d,q18,322525.59,6429.296,172190,225006,9
z1d,q18,322525.59,6308.795,240008,157188,9
z1d,q18,322525.59,6293.64,244126,153070,9
z1d,q18,322525.59,6273.56,245409,151787,9
z1d,q18,322525.59,6305.164,241177,156019,9
z1d,q18,322525.59,6283.263,244806,152390,9
z1d,q18,322525.59,6433.284,163097,234099,9
z1d,q18,322525.59,6301.45,240026,157170,9
z1d,q18,322525.59,6289.814,245408,151788,9
z1d,q18,322525.59,6444.04,161508,235688,9
z1d,q18,322525.59,6421.103,170623,226573,9
z1d,q18,322525.59,6274.829,244716,152480,9
z1d,q18,322525.59,6330.982,219366,177830,9
z1d,q18,322525.59,6280.553,244074,153122,9
z1d,q18,322525.59,6301.777,243897,153299,9
z1d,q18,322525.59,6282.275,245408,151788,9
z1d,q19,32575.98,99.658,2990,17576,1
z1d,q19,32575.98,83.54,8839,11727,1
z1d,q19,32575.98,60.921,16630,3936,1
z1d,q19,32575.98,59.967,16726,3840,1
z1d,q19,32575.98,59.409,16822,3744,1
z1d,q19,32575.98,59.849,16918,3648,1
z1d,q19,32575.98,59.726,17014,3552,1
z1d,q19,32575.98,59.596,17110,3456,1
z1d,q19,32575.98,59.847,17206,3360,1
z1d,q19,32575.98,59.323,17302,3264,1
z1d,q19,32575.98,59.369,17398,3168,1
z1d,q19,32575.98,59.944,17494,3072,1
z1d,q19,32575.98,59.374,17590,2976,1
z1d,q19,32575.98,59.476,17686,2880,1
z1d,q19,32575.98,59.331,17782,2784,1
z1d,q19,32575.98,58.925,17878,2688,1
z1d,q19,32575.98,58.785,17974,2592,1
z1d,q19,32575.98,58.275,18041,2525,1
z1d,q19,32575.98,59.328,18054,2512,1
z1d,q19,32575.98,58.159,18054,2512,1
z1d,q1,231253.32,42094.595,14,112600,4
z1d,q1,231253.32,5719.668,110,112504,4
z1d,q1,231253.32,5719.059,206,112408,4
z1d,q1,231253.32,5714.4,302,112312,4
z1d,q1,231253.32,5717.129,398,112216,4
z1d,q1,231253.32,5715.123,494,112120,4
z1d,q1,231253.32,5720.318,590,112024,4
z1d,q1,231253.32,5716.539,686,111928,4
z1d,q1,231253.32,5713.747,782,111832,4
z1d,q1,231253.32,5724.278,878,111736,4
z1d,q1,231253.32,5715.148,974,111640,4
z1d,q1,231253.32,5714.318,1070,111544,4
z1d,q1,231253.32,5717.154,1166,111448,4
z1d,q1,231253.32,5718.089,1262,111352,4
z1d,q1,231253.32,5714.895,1358,111256,4
z1d,q1,231253.32,5716.249,1454,111160,4
z1d,q1,231253.32,5716.582,1550,111064,4
z1d,q1,231253.32,5715.971,1646,110968,4
z1d,q1,231253.32,5714.4,1742,110872,4
z1d,q1,231253.32,5715.342,1838,110776,4
z1d,q20,164116.85,738.784,59148,73052,193
z1d,q20,164116.85,742.04,57898,74302,193
z1d,q20,164116.85,742.323,57914,74286,193
z1d,q20,164116.85,746.393,57906,74294,193
z1d,q20,164116.85,744.473,57908,74292,193
z1d,q20,164116.85,742.857,57911,74289,193
z1d,q20,164116.85,741.846,57907,74293,193
z1d,q20,164116.85,742.898,57910,74290,193
z1d,q20,164116.85,742.872,57909,74291,193
z1d,q20,164116.85,742.672,57908,74292,193
z1d,q20,164116.85,742.416,57909,74291,193
z1d,q20,164116.85,742.143,57910,74290,193
z1d,q20,164116.85,741.247,57914,74286,193
z1d,q20,164116.85,743.589,57910,74290,193
z1d,q20,164116.85,742.761,57909,74291,193
z1d,q20,164116.85,743.79,57909,74291,193
z1d,q20,164116.85,742.113,57907,74293,193
z1d,q20,164116.85,744.483,57910,74290,193
z1d,q20,164116.85,741.742,57908,74292,193
z1d,q20,164116.85,740.578,57916,74284,193
z1d,q21,72643.41,2137.597,771873,315716,100
z1d,q21,72643.41,2131.58,772321,315268,100
z1d,q21,72643.41,2140.778,771672,315917,100
z1d,q21,72643.41,2129.937,771975,315614,100
z1d,q21,72643.41,2148.851,772707,314882,100
z1d,q21,72643.41,2133.0,771853,315736,100
z1d,q21,72643.41,2133.337,771842,315747,100
z1d,q21,72643.41,2155.248,772867,314722,100
z1d,q21,72643.41,2135.548,771727,315862,100
z1d,q21,72643.41,2142.759,771765,315824,100
z1d,q21,72643.41,2138.317,771707,315882,100
z1d,q21,72643.41,2136.478,772024,315565,100
z1d,q21,72643.41,2134.865,771898,315691,100
z1d,q21,72643.41,2140.707,772383,315206,100
z1d,q21,72643.41,2144.239,772868,314721,100
z1d,q21,72643.41,2146.712,772483,315106,100
z1d,q21,72643.41,2150.007,772782,314807,100
z1d,q21,72643.41,2143.272,772160,315429,100
z1d,q21,72643.41,2141.155,772238,315351,100
z1d,q21,72643.41,2135.48,772231,315358,100
z1d,q22,13103.26,156.45,59358,5136,7
z1d,q22,13103.26,143.81,64494,0,7
z1d,q22,13103.26,143.615,64494,0,7
z1d,q22,13103.26,143.518,64494,0,7
z1d,q22,13103.26,142.596,64494,0,7
z1d,q22,13103.26,142.578,64494,0,7
z1d,q22,13103.26,142.08,64494,0,7
z1d,q22,13103.26,142.391,64494,0,7
z1d,q22,13103.26,142.301,64494,0,7
z1d,q22,13103.26,143.171,64494,0,7
z1d,q22,13103.26,143.505,64494,0,7
z1d,q22,13103.26,143.365,64494,0,7
z1d,q22,13103.26,142.233,64494,0,7
z1d,q22,13103.26,142.586,64494,0,7
z1d,q22,13103.26,142.558,64494,0,7
z1d,q22,13103.26,142.285,64494,0,7
z1d,q22,13103.26,142.439,64494,0,7
z1d,q22,13103.26,142.202,64494,0,7
z1d,q22,13103.26,147.074,64494,0,7
z1d,q22,13103.26,140.463,64494,0,7
z1d,q2,120690.45,10547.992,1348915,36522,100
z1d,q2,120690.45,1351.096,1361142,24295,100
z1d,q2,120690.45,1347.39,1361701,23736,100
z1d,q2,120690.45,1347.965,1361513,23924,100
z1d,q2,120690.45,1347.92,1361666,23771,100
z1d,q2,120690.45,1345.403,1361458,23979,100
z1d,q2,120690.45,1346.31,1361841,23596,100
z1d,q2,120690.45,1350.248,1361265,24172,100
z1d,q2,120690.45,1346.414,1361732,23705,100
z1d,q2,120690.45,1345.451,1361596,23841,100
z1d,q2,120690.45,1347.522,1361549,23888,100
z1d,q2,120690.45,1345.799,1361550,23887,100
z1d,q2,120690.45,1347.411,1361798,23639,100
z1d,q2,120690.45,1348.602,1361468,23969,100
z1d,q2,120690.45,1347.296,1361696,23741,100
z1d,q2,120690.45,1348.078,1361571,23866,100
z1d,q2,120690.45,1347.145,1361559,23878,100
z1d,q2,120690.45,1348.868,1361583,23854,100
z1d,q2,120690.45,1346.431,1361768,23669,100
z1d,q2,120690.45,1348.049,1361467,23970,100
z1d,q3,195291.56,7612.331,493922,124544,10
z1d,q3,195291.56,914.173,493920,124546,10
z1d,q3,195291.56,913.146,493920,124546,10
z1d,q3,195291.56,913.595,493920,124546,10
z1d,q3,195291.56,912.12,493920,124546,10
z1d,q3,195291.56,914.534,493919,124547,10
z1d,q3,195291.56,916.286,493920,124546,10
z1d,q3,195291.56,911.919,493919,124547,10
z1d,q3,195291.56,912.262,493919,124547,10
z1d,q3,195291.56,912.711,493919,124547,10
z1d,q3,195291.56,911.799,493920,124546,10
z1d,q3,195291.56,912.026,493920,124546,10
z1d,q3,195291.56,913.639,493920,124546,10
z1d,q3,195291.56,914.606,493920,124546,10
z1d,q3,195291.56,913.371,493920,124546,10
z1d,q3,195291.56,914.185,493919,124547,10
z1d,q3,195291.56,914.309,493920,124546,10
z1d,q3,195291.56,914.653,493920,124546,10
z1d,q3,195291.56,913.575,493920,124546,10
z1d,q3,195291.56,914.137,493920,124546,10
z1d,q4,61263.21,598.86,169891,77503,5
z1d,q4,61263.21,402.316,169891,77503,5
z1d,q4,61263.21,400.271,169891,77503,5
z1d,q4,61263.21,397.621,169891,77503,5
z1d,q4,61263.21,396.97,169891,77503,5
z1d,q4,61263.21,396.125,169891,77503,5
z1d,q4,61263.21,399.012,169891,77503,5
z1d,q4,61263.21,397.586,169891,77503,5
z1d,q4,61263.21,397.016,169891,77503,5
z1d,q4,61263.21,398.042,169891,77503,5
z1d,q4,61263.21,401.548,169891,77503,5
z1d,q4,61263.21,398.125,169891,77503,5
z1d,q4,61263.21,396.394,169891,77503,5
z1d,q4,61263.21,398.928,169891,77503,5
z1d,q4,61263.21,396.503,169891,77503,5
z1d,q4,61263.21,399.367,169891,77503,5
z1d,q4,61263.21,401.234,169891,77503,5
z1d,q4,61263.21,395.993,169891,77503,5
z1d,q4,61263.21,399.039,169891,77503,5
z1d,q4,61263.21,398.969,169891,77503,5
z1d,q5,83490.24,1560.781,320059,260866,5
z1d,q5,83490.24,1020.491,322209,258716,5
z1d,q5,83490.24,1020.911,322217,258708,5
z1d,q5,83490.24,1021.653,322202,258723,5
z1d,q5,83490.24,1027.649,322121,258804,5
z1d,q5,83490.24,1020.808,322138,258787,5
z1d,q5,83490.24,1021.756,322162,258763,5
z1d,q5,83490.24,1020.568,322210,258715,5
z1d,q5,83490.24,1019.117,322198,258727,5
z1d,q5,83490.24,1023.069,322231,258694,5
z1d,q5,83490.24,1022.722,322181,258744,5
z1d,q5,83490.24,1020.158,322192,258733,5
z1d,q5,83490.24,1024.138,322130,258795,5
z1d,q5,83490.24,1019.883,322185,258740,5
z1d,q5,83490.24,1019.407,322202,258723,5
z1d,q5,83490.24,1021.77,322195,258730,5
z1d,q5,83490.24,1022.12,322189,258736,5
z1d,q5,83490.24,1020.666,322092,258833,5
z1d,q5,83490.24,1023.83,322214,258711,5
z1d,q5,83490.24,1020.433,322204,258721,5
z1d,q6,168633.05,1509.04,132,105337,1
z1d,q6,168633.05,882.244,0,105469,1
z1d,q6,168633.05,889.689,0,105469,1
z1d,q6,168633.05,886.696,0,105469,1
z1d,q6,168633.05,887.926,0,105469,1
z1d,q6,168633.05,886.837,0,105469,1
z1d,q6,168633.05,886.829,0,105469,1
z1d,q6,168633.05,886.874,0,105469,1
z1d,q6,168633.05,888.109,0,105469,1
z1d,q6,168633.05,889.621,0,105469,1
z1d,q6,168633.05,884.886,0,105469,1
z1d,q6,168633.05,888.198,0,105469,1
z1d,q6,168633.05,882.695,0,105469,1
z1d,q6,168633.05,887.236,0,105469,1
z1d,q6,168633.05,883.101,0,105469,1
z1d,q6,168633.05,887.435,0,105469,1
z1d,q6,168633.05,887.655,0,105469,1
z1d,q6,168633.05,888.362,0,105469,1
z1d,q6,168633.05,887.186,0,105469,1
z1d,q6,168633.05,888.361,0,105469,1
z1d,q7,70658.3,3059.634,1183176,498816,4
z1d,q7,70658.3,3067.833,1181947,500045,4
z1d,q7,70658.3,3089.014,1181942,500050,4
z1d,q7,70658.3,3070.084,1181939,500053,4
z1d,q7,70658.3,3083.449,1181933,500059,4
z1d,q7,70658.3,3080.374,1181926,500066,4
z1d,q7,70658.3,3085.253,1181944,500048,4
z1d,q7,70658.3,3074.285,1181937,500055,4
z1d,q7,70658.3,3083.969,1181926,500066,4
z1d,q7,70658.3,3086.589,1181951,500041,4
z1d,q7,70658.3,3092.891,1181959,500033,4
z1d,q7,70658.3,3086.451,1181950,500042,4
z1d,q7,70658.3,3076.63,1181930,500062,4
z1d,q7,70658.3,3084.091,1181932,500060,4
z1d,q7,70658.3,3090.735,1181933,500059,4
z1d,q7,70658.3,3081.404,1181948,500044,4
z1d,q7,70658.3,3088.432,1181923,500069,4
z1d,q7,70658.3,3066.729,1181925,500067,4
z1d,q7,70658.3,3075.493,1181918,500074,4
z1d,q7,70658.3,3088.098,1181936,500056,4
z1d,q8,90831.9,808.194,266436,171473,2
z1d,q8,90831.9,725.025,266508,171401,2
z1d,q8,90831.9,725.737,266444,171465,2
z1d,q8,90831.9,724.778,266524,171385,2
z1d,q8,90831.9,723.893,266538,171371,2
z1d,q8,90831.9,723.596,266533,171376,2
z1d,q8,90831.9,724.998,266519,171390,2
z1d,q8,90831.9,724.676,266473,171436,2
z1d,q8,90831.9,726.124,266475,171434,2
z1d,q8,90831.9,723.578,266523,171386,2
z1d,q8,90831.9,724.164,266487,171422,2
z1d,q8,90831.9,725.315,266527,171382,2
z1d,q8,90831.9,724.854,266478,171431,2
z1d,q8,90831.9,727.19,266535,171374,2
z1d,q8,90831.9,725.587,266508,171401,2
z1d,q8,90831.9,725.787,266466,171443,2
z1d,q8,90831.9,727.211,266504,171405,2
z1d,q8,90831.9,726.681,266509,171400,2
z1d,q8,90831.9,724.896,266511,171398,2
z1d,q8,90831.9,726.341,266530,171379,2
z1d,q9,85841.45,2555.406,1161230,322568,175
z1d,q9,85841.45,2518.985,1162334,321464,175
z1d,q9,85841.45,2511.595,1162300,321498,175
z1d,q9,85841.45,2509.358,1162313,321485,175
z1d,q9,85841.45,2511.728,1162328,321470,175
z1d,q9,85841.45,2514.101,1162285,321513,175
z1d,q9,85841.45,2518.127,1162277,321521,175
z1d,q9,85841.45,2514.787,1162298,321500,175
z1d,q9,85841.45,2512.423,1162351,321447,175
z1d,q9,85841.45,2514.273,1162335,321463,175
z1d,q9,85841.45,2517.961,1162315,321483,175
z1d,q9,85841.45,2515.821,1162312,321486,175
z1d,q9,85841.45,2511.808,1162307,321491,175
z1d,q9,85841.45,2521.561,1162334,321464,175
z1d,q9,85841.45,2518.383,1162314,321484,175
z1d,q9,85841.45,2509.243,1162314,321484,175
z1d,q9,85841.45,2513.629,1162364,321434,175
z1d,q9,85841.45,2528.616,1162307,321491,175
z1d,q9,85841.45,2514.092,1162297,321501,175
z1d,q9,85841.45,2518.058,1162331,321467,175
