machine_id,query_id,cost,time_ms,shared_hit,shared_read,rows
c5a,q10,160189.8,536.241,176780,85991,20
c5a,q10,160189.8,534.43,176780,85991,20
c5a,q10,160189.8,530.821,176780,85991,20
c5a,q10,160189.8,528.013,176780,85991,20
c5a,q10,160189.8,534.745,176780,85991,20
c5a,q10,160189.8,532.626,176780,85991,20
c5a,q10,160189.8,528.108,176780,85991,20
c5a,q10,160189.8,529.887,176780,85991,20
c5a,q10,160189.8,534.941,176780,85991,20
c5a,q10,160189.8,513.352,176780,85991,20
c5a,q10,160189.8,534.525,176780,85991,20
c5a,q10,160189.8,536.762,176780,85991,20
c5a,q10,160189.8,513.763,176780,85991,20
c5a,q10,160189.8,528.049,176780,85991,20
c5a,q10,160189.8,515.586,176780,85991,20
c5a,q10,160189.8,528.488,176780,85991,20
c5a,q10,160189.8,531.386,176780,85991,20
c5a,q10,160189.8,530.462,176780,85991,20
c5a,q10,160189.8,526.755,176780,85991,20
c5a,q10,160189.8,511.594,176780,85991,20
c5a,q11,10203.71,153.264,42749,20040,1217
c5a,q11,10203.71,86.109,42749,20040,1217
c5a,q11,10203.71,85.037,42749,20040,1217
c5a,q11,10203.71,84.528,42749,20040,1217
c5a,q11,10203.71,84.674,42749,20040,1217
c5a,q11,10203.71,88.289,42749,20040,1217
c5a,q11,10203.71,84.166,42749,20040,1217
c5a,q11,10203.71,84.563,42749,20040,1217
c5a,q11,10203.71,85.922,42749,20040,1217
c5a,q11,10203.71,85.434,42749,20040,1217
c5a,q11,10203.71,85.136,42749,20040,1217
c5a,q11,10203.71,86.528,42749,20040,1217
c5a,q11,10203.71,85.546,42749,20040,1217
c5a,q11,10203.71,84.569,42749,20040,1217
c5a,q11,10203.71,86.653,42749,20040,1217
c5a,q11,10203.71,85.485,42749,20040,1217
c5a,q11,10203.71,86.336,42749,20040,1217
c5a,q11,10203.71,85.424,42749,20040,1217
c5a,q11,10203.71,84.973,42749,20040,1217
c5a,q11,10203.71,85.415,42749,20040,1217
c5a,q12,210511.91,709.957,154,137041,2
c5a,q12,210511.91,713.445,154,137041,2
c5a,q12,210511.91,712.979,154,137041,2
c5a,q12,210511.91,714.541,154,137041,2
c5a,q12,210511.91,713.517,154,137041,2
c5a,q12,210511.91,718.78,154,137041,2
c5a,q12,210511.91,717.734,154,137041,2
c5a,q12,210511.91,715.024,154,137041,2
c5a,q12,210511.91,718.758,154,137041,2
c5a,q12,210511.91,723.423,154,137041,2
c5a,q12,210511.91,717.987,154,137041,2
c5a,q12,210511.91,719.306,154,137041,2
c5a,q12,210511.91,716.294,154,137041,2
c5a,q12,210511.91,715.466,154,137041,2
c5a,q12,210511.91,717.552,154,137041,2
c5a,q12,210511.91,717.293,154,137041,2
c5a,q12,210511.91,719.296,154,137041,2
c5a,q12,210511.91,719.217,154,137041,2
c5a,q12,210511.91,756.75,154,137041,2
c5a,q12,210511.91,717.868,154,137041,2
c5a,q13,142161.33,820.384,1344617,605352,42
c5a,q13,142161.33,826.005,1344617,605352,42
c5a,q13,142161.33,834.005,1344617,605352,42
c5a,q13,142161.33,842.272,1344617,605352,42
c5a,q13,142161.33,848.134,1344617,605352,42
c5a,q13,142161.33,849.897,1344617,605352,42
c5a,q13,142161.33,832.87,1344617,605352,42
c5a,q13,142161.33,833.624,1344617,605352,42
c5a,q13,142161.33,833.825,1344617,605352,42
c5a,q13,142161.33,822.729,1344617,605352,42
c5a,q13,142161.33,840.819,1344617,605352,42
c5a,q13,142161.33,813.447,1344617,605352,42
c5a,q13,142161.33,822.936,1344617,605352,42
c5a,q13,142161.33,835.339,1344617,605352,42
c5a,q13,142161.33,830.659,1344617,605352,42
c5a,q13,142161.33,828.947,1344617,605352,42
c5a,q13,142161.33,851.331,1344617,605352,42
c5a,q13,142161.33,832.862,1344617,605352,42
c5a,q13,142161.33,847.04,1344617,605352,42
c5a,q13,142161.33,854.184,1344617,605352,42
c5a,q14,118586.59,215.453,163,114188,1
c5a,q14,118586.59,210.488,163,114188,1
c5a,q14,118586.59,210.881,163,114188,1
c5a,q14,118586.59,209.988,163,114188,1
c5a,q14,118586.59,210.931,163,114188,1
c5a,q14,118586.59,211.604,163,114188,1
c5a,q14,118586.59,213.269,163,114188,1
c5a,q14,118586.59,211.606,163,114188,1
c5a,q14,118586.59,210.267,163,114188,1
c5a,q14,118586.59,209.808,163,114188,1
c5a,q14,118586.59,211.532,163,114188,1
c5a,q14,118586.59,211.161,163,114188,1
c5a,q14,118586.59,211.436,163,114188,1
c5a,q14,118586.59,210.306,163,114188,1
c5a,q14,118586.59,210.087,163,114188,1
c5a,q14,118586.59,209.679,163,114188,1
c5a,q14,118586.59,209.391,163,114188,1
c5a,q14,118586.59,209.86,163,114188,1
c5a,q14,118586.59,210.498,163,114188,1
c5a,q14,118586.59,210.888,163,114188,1
c5a,q16,40977.39,299.908,4331,3282,18141
c5a,q16,40977.39,307.543,4331,3282,18141
c5a,q16,40977.39,301.242,4331,3282,18141
c5a,q16,40977.39,300.076,4331,3282,18141
c5a,q16,40977.39,309.693,4331,3282,18141
c5a,q16,40977.39,306.068,4331,3282,18141
c5a,q16,40977.39,308.967,4331,3282,18141
c5a,q16,40977.39,303.768,4331,3282,18141
c5a,q16,40977.39,304.661,4331,3282,18141
c5a,q16,40977.39,309.544,4331,3282,18141
c5a,q16,40977.39,305.621,4331,3282,18141
c5a,q16,40977.39,310.256,4331,3282,18141
c5a,q16,40977.39,305.627,4331,3282,18141
c5a,q16,40977.39,307.949,4331,3282,18141
c5a,q16,40977.39,310.837,4331,3282,18141
c5a,q16,40977.39,301.984,4331,3282,18141
c5a,q16,40977.39,304.983,4331,3282,18141
c5a,q16,40977.39,309.661,4331,3282,18141
c5a,q16,40977.39,309.975,4331,3282,18141
c5a,q16,40977.39,308.178,4331,3282,18141
c5a,q17,731369.7,470.253,226722,110705,1
c5a,q17,731369.7,334.454,226722,110705,1
c5a,q17,731369.7,339.875,226722,110705,1
c5a,q17,731369.7,334.148,226722,110705,1
c5a,q17,731369.7,334.892,226722,110705,1
c5a,q17,731369.7,337.748,226722,110705,1
c5a,q17,731369.7,332.902,226722,110705,1
c5a,q17,731369.7,335.112,226722,110705,1
c5a,q17,731369.7,334.155,226722,110705,1
c5a,q17,731369.7,340.463,226722,110705,1
c5a,q17,731369.7,335.654,226722,110705,1
c5a,q17,731369.7,339.971,226722,110705,1
c5a,q17,731369.7,339.163,226722,110705,1
c5a,q17,731369.7,335.025,226722,110705,1
c5a,q17,731369.7,340.615,226722,110705,1
c5a,q17,731369.7,340.655,226722,110705,1
c5a,q17,731369.7,335.779,226722,110705,1
c5a,q17,731369.7,335.523,226722,110705,1
c5a,q17,731369.7,336.254,226722,110705,1
c5a,q17,731369.7,335.513,226722,110705,1
c5a,q18,322525.59,3531.459,302455,149372,9
c5a,q18,322525.59,3610.024,302455,149372,9
c5a,q18,322525.59,3559.06,302455,149372,9
c5a,q18,322525.59,3569.454,302455,149372,9
c5a,q18,322525.59,3570.08,302455,149372,9
c5a,q18,322525.59,3552.694,302455,149372,9
c5a,q18,322525.59,3587.962,302455,149372,9
c5a,q18,322525.59,3630.653,302455,149372,9
c5a,q18,322525.59,3439.341,302455,149372,9
c5a,q18,322525.59,3538.602,302455,149372,9
c5a,q18,322525.59,3413.124,302455,149372,9
c5a,q18,322525.59,3576.128,302455,149372,9
c5a,q18,322525.59,3558.326,302455,149372,9
c5a,q18,322525.59,3508.316,302455,149372,9
c5a,q18,322525.59,3580.953,302455,149372,9
c5a,q18,322525.59,3549.118,302455,149372,9
c5a,q18,322525.59,3534.99,302455,149372,9
c5a,q18,322525.59,3600.833,302455,149372,9
c5a,q18,322525.59,3639.863,302455,149372,9
c5a,q18,322525.59,3608.01,302455,149372,9
c5a,q19,32575.98,60.459,2842,17419,1
c5a,q19,32575.98,47.685,2842,17419,1
c5a,q19,32575.98,43.405,2842,17419,1
c5a,q19,32575.98,43.542,2842,17419,1
c5a,q19,32575.98,43.592,2842,17419,1
c5a,q19,32575.98,43.593,2842,17419,1
c5a,q19,32575.98,43.62,2842,17419,1
c5a,q19,32575.98,43.705,2842,17419,1
c5a,q19,32575.98,43.752,2842,17419,1
c5a,q19,32575.98,43.753,2842,17419,1
c5a,q19,32575.98,43.889,2842,17419,1
c5a,q19,32575.98,43.936,2842,17419,1
c5a,q19,32575.98,43.973,2842,17419,1
c5a,q19,32575.98,43.782,2842,17419,1
c5a,q19,32575.98,43.601,2842,17419,1
c5a,q19,32575.98,43.715,2842,17419,1
c5a,q19,32575.98,44.08,2842,17419,1
c5a,q19,32575.98,43.622,2842,17419,1
c5a,q19,32575.98,44.492,2842,17419,1
c5a,q19,32575.98,43.534,2842,17419,1
c5a,q1,231253.32,6133.339,14799,95585,4
c5a,q1,231253.32,3027.877,14799,95585,4
c5a,q1,231253.32,3061.138,14799,95585,4
c5a,q1,231253.32,3047.344,14799,95585,4
c5a,q1,231253.32,3035.76,14799,95585,4
c5a,q1,231253.32,3084.565,14799,95585,4
c5a,q1,231253.32,3065.351,14799,95585,4
c5a,q1,231253.32,3034.951,14799,95585,4
c5a,q1,231253.32,3038.878,14799,95585,4
c5a,q1,231253.32,3062.753,14799,95585,4
c5a,q1,231253.32,3061.401,14799,95585,4
c5a,q1,231253.32,3039.544,14799,95585,4
c5a,q1,231253.32,3028.261,14799,95585,4
c5a,q1,231253.32,3043.494,14799,95585,4
c5a,q1,231253.32,3038.421,14799,95585,4
c5a,q1,231253.32,3037.993,14799,95585,4
c5a,q1,231253.32,3029.525,14799,95585,4
c5a,q1,231253.32,3063.229,14799,95585,4
c5a,q1,231253.32,3042.925,14799,95585,4
c5a,q1,231253.32,3045.233,14799,95585,4
c5a,q20,164116.85,695.711,57360,74699,193
c5a,q20,164116.85,689.267,57360,74699,193
c5a,q20,164116.85,693.286,57360,74699,193
c5a,q20,164116.85,698.094,57360,74699,193
c5a,q20,164116.85,688.438,57360,74699,193
c5a,q20,164116.85,689.26,57360,74699,193
c5a,q20,164116.85,689.206,57360,74699,193
c5a,q20,164116.85,696.544,57360,74699,193
c5a,q20,164116.85,689.184,57360,74699,193
c5a,q20,164116.85,690.318,57360,74699,193
c5a,q20,164116.85,696.428,57360,74699,193
c5a,q20,164116.85,693.134,57360,74699,193
c5a,q20,164116.85,697.587,57360,74699,193
c5a,q20,164116.85,689.86,57360,74699,193
c5a,q20,164116.85,688.241,57360,74699,193
c5a,q20,164116.85,691.152,57360,74699,193
c5a,q20,164116.85,702.012,57360,74699,193
c5a,q20,164116.85,697.313,57360,74699,193
c5a,q20,164116.85,695.357,57360,74699,193
c5a,q20,164116.85,695.797,57360,74699,193
c5a,q21,72643.41,1612.648,772613,315571,100
c5a,q21,72643.41,1583.315,772613,315571,100
c5a,q21,72643.41,1578.003,772613,315571,100
c5a,q21,72643.41,1585.716,772613,315571,100
c5a,q21,72643.41,1589.481,772613,315571,100
c5a,q21,72643.41,1587.919,772613,315571,100
c5a,q21,72643.41,1580.124,772613,315571,100
c5a,q21,72643.41,1586.636,772613,315571,100
c5a,q21,72643.41,1570.84,772613,315571,100
c5a,q21,72643.41,1575.879,772613,315571,100
c5a,q21,72643.41,1585.214,772613,315571,100
c5a,q21,72643.41,1596.91,772613,315571,100
c5a,q21,72643.41,1580.033,772613,315571,100
c5a,q21,72643.41,1575.487,772613,315571,100
c5a,q21,72643.41,1564.527,772613,315571,100
c5a,q21,72643.41,1587.9,772613,315571,100
c5a,q21,72643.41,1589.969,772613,315571,100
c5a,q21,72643.41,1591.844,772613,315571,100
c5a,q21,72643.41,1581.208,772613,315571,100
c5a,q21,72643.41,1586.187,772613,315571,100
c5a,q22,13103.26,101.365,59398,5177,7
c5a,q22,13103.26,93.411,59398,5177,7
c5a,q22,13103.26,93.143,59398,5177,7
c5a,q22,13103.26,93.445,59398,5177,7
c5a,q22,13103.26,93.315,59398,5177,7
c5a,q22,13103.26,94.032,59398,5177,7
c5a,q22,13103.26,93.421,59398,5177,7
c5a,q22,13103.26,93.518,59398,5177,7
c5a,q22,13103.26,93.482,59398,5177,7
c5a,q22,13103.26,94.098,59398,5177,7
c5a,q22,13103.26,93.912,59398,5177,7
c5a,q22,13103.26,93.915,59398,5177,7
c5a,q22,13103.26,93.658,59398,5177,7
c5a,q22,13103.26,93.893,59398,5177,7
c5a,q22,13103.26,93.365,59398,5177,7
c5a,q22,13103.26,94.32,59398,5177,7
c5a,q22,13103.26,94.262,59398,5177,7
c5a,q22,13103.26,93.913,59398,5177,7
c5a,q22,13103.26,94.212,59398,5177,7
c5a,q22,13103.26,94.166,59398,5177,7
c5a,q2,120690.45,2165.586,160131,42049,100
c5a,q2,120690.45,1534.453,160131,42049,100
c5a,q2,120690.45,1539.677,160131,42049,100
c5a,q2,120690.45,1542.509,160131,42049,100
c5a,q2,120690.45,1555.229,160131,42049,100
c5a,q2,120690.45,1530.942,160131,42049,100
c5a,q2,120690.45,1554.01,160131,42049,100
c5a,q2,120690.45,1533.468,160131,42049,100
c5a,q2,120690.45,1528.949,160131,42049,100
c5a,q2,120690.45,1554.639,160131,42049,100
c5a,q2,120690.45,1529.758,160131,42049,100
c5a,q2,120690.45,1526.324,160131,42049,100
c5a,q2,120690.45,1528.699,160131,42049,100
c5a,q2,120690.45,1533.627,160131,42049,100
c5a,q2,120690.45,1554.855,160131,42049,100
c5a,q2,120690.45,1553.328,160131,42049,100
c5a,q2,120690.45,1531.447,160131,42049,100
c5a,q2,120690.45,1527.121,160131,42049,100
c5a,q2,120690.45,1528.114,160131,42049,100
c5a,q2,120690.45,1547.606,160131,42049,100
c5a,q3,195291.56,1542.48,495447,124226,10
c5a,q3,195291.56,488.343,495447,124226,10
c5a,q3,195291.56,487.453,495447,124226,10
c5a,q3,195291.56,488.775,495447,124226,10
c5a,q3,195291.56,487.779,495447,124226,10
c5a,q3,195291.56,486.805,495447,124226,10
c5a,q3,195291.56,485.946,495447,124226,10
c5a,q3,195291.56,485.984,495447,124226,10
c5a,q3,195291.56,488.131,495447,124226,10
c5a,q3,195291.56,488.884,495447,124226,10
c5a,q3,195291.56,486.936,495447,124226,10
c5a,q3,195291.56,485.965,495447,124226,10
c5a,q3,195291.56,492.136,495447,124226,10
c5a,q3,195291.56,487.956,495447,124226,10
c5a,q3,195291.56,487.731,495447,124226,10
c5a,q3,195291.56,487.1,495447,124226,10
c5a,q3,195291.56,487.546,495447,124226,10
c5a,q3,195291.56,486.828,495447,124226,10
c5a,q3,195291.56,485.823,495447,124226,10
c5a,q3,195291.56,486.243,495447,124226,10
c5a,q4,61263.21,224.816,170129,80893,5
c5a,q4,61263.21,222.076,170129,80893,5
c5a,q4,61263.21,224.307,170129,80893,5
c5a,q4,61263.21,223.399,170129,80893,5
c5a,q4,61263.21,223.055,170129,80893,5
c5a,q4,61263.21,224.345,170129,80893,5
c5a,q4,61263.21,223.209,170129,80893,5
c5a,q4,61263.21,224.878,170129,80893,5
c5a,q4,61263.21,222.138,170129,80893,5
c5a,q4,61263.21,222.618,170129,80893,5
c5a,q4,61263.21,221.474,170129,80893,5
c5a,q4,61263.21,222.99,170129,80893,5
c5a,q4,61263.21,221.886,170129,80893,5
c5a,q4,61263.21,224.17,170129,80893,5
c5a,q4,61263.21,224.878,170129,80893,5
c5a,q4,61263.21,221.636,170129,80893,5
c5a,q4,61263.21,224.916,170129,80893,5
c5a,q4,61263.21,221.377,170129,80893,5
c5a,q4,61263.21,223.482,170129,80893,5
c5a,q4,61263.21,222.762,170129,80893,5
c5a,q5,83490.24,522.806,317194,263984,5
c5a,q5,83490.24,474.338,317194,263984,5
c5a,q5,83490.24,470.913,317194,263984,5
c5a,q5,83490.24,469.08,317194,263984,5
c5a,q5,83490.24,468.682,317194,263984,5
c5a,q5,83490.24,470.285,317194,263984,5
c5a,q5,83490.24,467.262,317194,263984,5
c5a,q5,83490.24,467.126,317194,263984,5
c5a,q5,83490.24,466.76,317194,263984,5
c5a,q5,83490.24,467.63,317194,263984,5
c5a,q5,83490.24,470.05,317194,263984,5
c5a,q5,83490.24,467.066,317194,263984,5
c5a,q5,83490.24,467.218,317194,263984,5
c5a,q5,83490.24,470.716,317194,263984,5
c5a,q5,83490.24,468.086,317194,263984,5
c5a,q5,83490.24,466.231,317194,263984,5
c5a,q5,83490.24,469.052,317194,263984,5
c5a,q5,83490.24,465.35,317194,263984,5
c5a,q5,83490.24,466.968,317194,263984,5
c5a,q5,83490.24,468.895,317194,263984,5
c5a,q6,168633.05,515.52,2220,108148,1
c5a,q6,168633.05,510.02,2220,108148,1
c5a,q6,168633.05,506.715,2220,108148,1
c5a,q6,168633.05,506.597,2220,108148,1
c5a,q6,168633.05,508.38,2220,108148,1
c5a,q6,168633.05,504.99,2220,108148,1
c5a,q6,168633.05,506.262,2220,108148,1
c5a,q6,168633.05,505.916,2220,108148,1
c5a,q6,168633.05,505.041,2220,108148,1
c5a,q6,168633.05,508.458,2220,108148,1
c5a,q6,168633.05,506.352,2220,108148,1
c5a,q6,168633.05,504.212,2220,108148,1
c5a,q6,168633.05,514.014,2220,108148,1
c5a,q6,168633.05,506.5,2220,108148,1
c5a,q6,168633.05,505.684,2220,108148,1
c5a,q6,168633.05,505.814,2220,108148,1
c5a,q6,168633.05,505.729,2220,108148,1
c5a,q6,168633.05,506.187,2220,108148,1
c5a,q6,168633.05,505.938,2220,108148,1
c5a,q6,168633.05,505.382,2220,108148,1
c5a,q7,70658.3,2469.43,1182658,499623,4
c5a,q7,70658.3,2495.767,1182658,499623,4
c5a,q7,70658.3,2493.587,1182658,499623,4
c5a,q7,70658.3,2502.095,1182658,499623,4
c5a,q7,70658.3,2487.478,1182658,499623,4
c5a,q7,70658.3,2511.923,1182658,499623,4
c5a,q7,70658.3,2504.509,1182658,499623,4
c5a,q7,70658.3,2477.556,1182658,499623,4
c5a,q7,70658.3,2504.614,1182658,499623,4
c5a,q7,70658.3,2505.711,1182658,499623,4
c5a,q7,70658.3,2500.058,1182658,499623,4
c5a,q7,70658.3,2513.078,1182658,499623,4
c5a,q7,70658.3,2502.374,1182658,499623,4
c5a,q7,70658.3,2495.624,1182658,499623,4
c5a,q7,70658.3,2506.216,1182658,499623,4
c5a,q7,70658.3,2515.381,1182658,499623,4
c5a,q7,70658.3,2496.749,1182658,499623,4
c5a,q7,70658.3,2503.905,1182658,499623,4
c5a,q7,70658.3,2502.722,1182658,499623,4
c5a,q7,70658.3,2514.15,1182658,499623,4
c5a,q8,90831.9,592.972,165600,92240,2
c5a,q8,90831.9,351.655,165600,92240,2
c5a,q8,90831.9,355.005,165600,92240,2
c5a,q8,90831.9,354.621,165600,92240,2
c5a,q8,90831.9,351.598,165600,92240,2
c5a,q8,90831.9,351.981,165600,92240,2
c5a,q8,90831.9,352.39,165600,92240,2
c5a,q8,90831.9,351.69,165600,92240,2
c5a,q8,90831.9,353.145,165600,92240,2
c5a,q8,90831.9,351.867,165600,92240,2
c5a,q8,90831.9,350.445,165600,92240,2
c5a,q8,90831.9,356.91,165600,92240,2
c5a,q8,90831.9,353.84,165600,92240,2
c5a,q8,90831.9,351.183,165600,92240,2
c5a,q8,90831.9,353.196,165600,92240,2
c5a,q8,90831.9,354.676,165600,92240,2
c5a,q8,90831.9,354.164,165600,92240,2
c5a,q8,90831.9,354.183,165600,92240,2
c5a,q8,90831.9,355.118,165600,92240,2
c5a,q8,90831.9,354.047,165600,92240,2
c5a,q9,85841.45,1555.877,2967273,707713,175
c5a,q9,85841.45,1404.768,2967273,707713,175
c5a,q9,85841.45,1400.582,2967273,707713,175
c5a,q9,85841.45,1403.252,2967273,707713,175
c5a,q9,85841.45,1401.424,2967273,707713,175
c5a,q9,85841.45,1414.562,2967273,707713,175
c5a,q9,85841.45,1401.741,2967273,707713,175
c5a,q9,85841.45,1402.341,2967273,707713,175
c5a,q9,85841.45,1404.072,2967273,707713,175
c5a,q9,85841.45,1438.285,2967273,707713,175
c5a,q9,85841.45,1396.898,2967273,707713,175
c5a,q9,85841.45,1401.41,2967273,707713,175
c5a,q9,85841.45,1400.709,2967273,707713,175
c5a,q9,85841.45,1402.765,2967273,707713,175
c5a,q9,85841.45,1400.838,2967273,707713,175
c5a,q9,85841.45,1397.982,2967273,707713,175
c5a,q9,85841.45,1401.753,2967273,707713,175
c5a,q9,85841.45,1402.239,2967273,707713,175
c5a,q9,85841.45,1405.623,2967273,707713,175
c5a,q9,85841.45,1407.245,2967273,707713,175
c7i,q10,160189.8,855.346,176780,85991,20
c7i,q10,160189.8,853.756,176780,85991,20
c7i,q10,160189.8,843.353,176780,85991,20
c7i,q10,160189.8,807.404,176780,85991,20
c7i,q10,160189.8,714.646,176780,85991,20
c7i,q10,160189.8,826.718,176780,85991,20
c7i,q10,160189.8,836.753,176780,85991,20
c7i,q10,160189.8,841.59,176780,85991,20
c7i,q10,160189.8,858.822,176780,85991,20
c7i,q10,160189.8,878.54,176780,85991,20
c7i,q10,160189.8,855.292,176780,85991,20
c7i,q10,160189.8,863.384,176780,85991,20
c7i,q10,160189.8,849.381,176780,85991,20
c7i,q10,160189.8,846.919,176780,85991,20
c7i,q10,160189.8,854.973,176780,85991,20
c7i,q10,160189.8,846.397,176780,85991,20
c7i,q10,160189.8,831.699,176780,85991,20
c7i,q10,160189.8,727.687,176780,85991,20
c7i,q10,160189.8,835.623,176780,85991,20
c7i,q10,160189.8,841.385,176780,85991,20
c7i,q11,10203.71,166.511,42749,20040,1217
c7i,q11,10203.71,110.881,42749,20040,1217
c7i,q11,10203.71,100.844,42749,20040,1217
c7i,q11,10203.71,102.306,42749,20040,1217
c7i,q11,10203.71,103.203,42749,20040,1217
c7i,q11,10203.71,97.756,42749,20040,1217
c7i,q11,10203.71,103.969,42749,20040,1217
c7i,q11,10203.71,107.746,42749,20040,1217
c7i,q11,10203.71,105.583,42749,20040,1217
c7i,q11,10203.71,101.212,42749,20040,1217
c7i,q11,10203.71,101.367,42749,20040,1217
c7i,q11,10203.71,105.159,42749,20040,1217
c7i,q11,10203.71,98.392,42749,20040,1217
c7i,q11,10203.71,103.805,42749,20040,1217
c7i,q11,10203.71,102.275,42749,20040,1217
c7i,q11,10203.71,102.176,42749,20040,1217
c7i,q11,10203.71,103.871,42749,20040,1217
c7i,q11,10203.71,101.046,42749,20040,1217
c7i,q11,10203.71,105.093,42749,20040,1217
c7i,q11,10203.71,99.061,42749,20040,1217
c7i,q12,210511.91,1050.428,154,137041,2
c7i,q12,210511.91,1046.788,154,137041,2
c7i,q12,210511.91,1037.716,154,137041,2
c7i,q12,210511.91,1048.156,154,137041,2
c7i,q12,210511.91,1047.165,154,137041,2
c7i,q12,210511.91,1047.469,154,137041,2
c7i,q12,210511.91,976.026,154,137041,2
c7i,q12,210511.91,1027.517,154,137041,2
c7i,q12,210511.91,1056.683,154,137041,2
c7i,q12,210511.91,1044.23,154,137041,2
c7i,q12,210511.91,1049.049,154,137041,2
c7i,q12,210511.91,1037.185,154,137041,2
c7i,q12,210511.91,1033.789,154,137041,2
c7i,q12,210511.91,1031.079,154,137041,2
c7i,q12,210511.91,1038.814,154,137041,2
c7i,q12,210511.91,1044.97,154,137041,2
c7i,q12,210511.91,1027.713,154,137041,2
c7i,q12,210511.91,969.619,154,137041,2
c7i,q12,210511.91,1035.763,154,137041,2
c7i,q12,210511.91,1038.82,154,137041,2
c7i,q13,142161.33,1479.864,1344617,605352,42
c7i,q13,142161.33,1479.588,1344617,605352,42
c7i,q13,142161.33,1467.198,1344617,605352,42
c7i,q13,142161.33,1511.15,1344617,605352,42
c7i,q13,142161.33,1499.094,1344617,605352,42
c7i,q13,142161.33,1327.297,1344617,605352,42
c7i,q13,142161.33,1401.331,1344617,605352,42
c7i,q13,142161.33,1505.94,1344617,605352,42
c7i,q13,142161.33,1500.278,1344617,605352,42
c7i,q13,142161.33,1492.694,1344617,605352,42
c7i,q13,142161.33,1474.258,1344617,605352,42
c7i,q13,142161.33,1502.69,1344617,605352,42
c7i,q13,142161.33,1514.912,1344617,605352,42
c7i,q13,142161.33,1203.819,1344617,605352,42
c7i,q13,142161.33,1482.349,1344617,605352,42
c7i,q13,142161.33,1503.887,1344617,605352,42
c7i,q13,142161.33,1507.035,1344617,605352,42
c7i,q13,142161.33,1518.813,1344617,605352,42
c7i,q13,142161.33,1502.183,1344617,605352,42
c7i,q13,142161.33,1512.203,1344617,605352,42
c7i,q14,118586.59,371.678,163,114188,1
c7i,q14,118586.59,345.281,163,114188,1
c7i,q14,118586.59,343.066,163,114188,1
c7i,q14,118586.59,328.284,163,114188,1
c7i,q14,118586.59,314.04,163,114188,1
c7i,q14,118586.59,278.374,163,114188,1
c7i,q14,118586.59,299.963,163,114188,1
c7i,q14,118586.59,336.156,163,114188,1
c7i,q14,118586.59,340.846,163,114188,1
c7i,q14,118586.59,335.683,163,114188,1
c7i,q14,118586.59,337.874,163,114188,1
c7i,q14,118586.59,344.736,163,114188,1
c7i,q14,118586.59,364.313,163,114188,1
c7i,q14,118586.59,336.337,163,114188,1
c7i,q14,118586.59,348.146,163,114188,1
c7i,q14,118586.59,348.006,163,114188,1
c7i,q14,118586.59,340.602,163,114188,1
c7i,q14,118586.59,337.82,163,114188,1
c7i,q14,118586.59,342.723,163,114188,1
c7i,q14,118586.59,350.504,163,114188,1
c7i,q16,40977.39,390.419,4331,3282,18141
c7i,q16,40977.39,389.713,4331,3282,18141
c7i,q16,40977.39,393.717,4331,3282,18141
c7i,q16,40977.39,394.78,4331,3282,18141
c7i,q16,40977.39,400.978,4331,3282,18141
c7i,q16,40977.39,396.316,4331,3282,18141
c7i,q16,40977.39,399.618,4331,3282,18141
c7i,q16,40977.39,396.186,4331,3282,18141
c7i,q16,40977.39,398.488,4331,3282,18141
c7i,q16,40977.39,392.993,4331,3282,18141
c7i,q16,40977.39,399.162,4331,3282,18141
c7i,q16,40977.39,397.126,4331,3282,18141
c7i,q16,40977.39,397.238,4331,3282,18141
c7i,q16,40977.39,381.996,4331,3282,18141
c7i,q16,40977.39,368.942,4331,3282,18141
c7i,q16,40977.39,362.473,4331,3282,18141
c7i,q16,40977.39,398.471,4331,3282,18141
c7i,q16,40977.39,396.879,4331,3282,18141
c7i,q16,40977.39,399.224,4331,3282,18141
c7i,q16,40977.39,398.026,4331,3282,18141
c7i,q17,731369.7,436.236,226722,110705,1
c7i,q17,731369.7,279.277,226722,110705,1
c7i,q17,731369.7,285.158,226722,110705,1
c7i,q17,731369.7,282.573,226722,110705,1
c7i,q17,731369.7,280.531,226722,110705,1
c7i,q17,731369.7,275.654,226722,110705,1
c7i,q17,731369.7,277.727,226722,110705,1
c7i,q17,731369.7,277.973,226722,110705,1
c7i,q17,731369.7,280.878,226722,110705,1
c7i,q17,731369.7,278.636,226722,110705,1
c7i,q17,731369.7,276.52,226722,110705,1
c7i,q17,731369.7,279.301,226722,110705,1
c7i,q17,731369.7,277.283,226722,110705,1
c7i,q17,731369.7,274.67,226722,110705,1
c7i,q17,731369.7,274.553,226722,110705,1
c7i,q17,731369.7,279.233,226722,110705,1
c7i,q17,731369.7,276.925,226722,110705,1
c7i,q17,731369.7,279.133,226722,110705,1
c7i,q17,731369.7,276.108,226722,110705,1
c7i,q17,731369.7,273.028,226722,110705,1
c7i,q18,322525.59,5410.242,302455,149372,9
c7i,q18,322525.59,5414.889,302455,149372,9
c7i,q18,322525.59,5398.612,302455,149372,9
c7i,q18,322525.59,5425.708,302455,149372,9
c7i,q18,322525.59,5457.121,302455,149372,9
c7i,q18,322525.59,5423.124,302455,149372,9
c7i,q18,322525.59,5442.326,302455,149372,9
c7i,q18,322525.59,5413.506,302455,149372,9
c7i,q18,322525.59,5421.915,302455,149372,9
c7i,q18,322525.59,5389.897,302455,149372,9
c7i,q18,322525.59,5451.451,302455,149372,9
c7i,q18,322525.59,5406.851,302455,149372,9
c7i,q18,322525.59,5387.032,302455,149372,9
c7i,q18,322525.59,5581.244,302455,149372,9
c7i,q18,322525.59,5398.893,302455,149372,9
c7i,q18,322525.59,5417.557,302455,149372,9
c7i,q18,322525.59,5390.679,302455,149372,9
c7i,q18,322525.59,5406.079,302455,149372,9
c7i,q18,322525.59,5430.396,302455,149372,9
c7i,q18,322525.59,5393.425,302455,149372,9
c7i,q19,32575.98,87.178,2842,17419,1
c7i,q19,32575.98,73.414,2842,17419,1
c7i,q19,32575.98,52.525,2842,17419,1
c7i,q19,32575.98,54.392,2842,17419,1
c7i,q19,32575.98,53.533,2842,17419,1
c7i,q19,32575.98,52.099,2842,17419,1
c7i,q19,32575.98,52.624,2842,17419,1
c7i,q19,32575.98,53.716,2842,17419,1
c7i,q19,32575.98,53.915,2842,17419,1
c7i,q19,32575.98,49.78,2842,17419,1
c7i,q19,32575.98,52.783,2842,17419,1
c7i,q19,32575.98,50.855,2842,17419,1
c7i,q19,32575.98,52.044,2842,17419,1
c7i,q19,32575.98,53.756,2842,17419,1
c7i,q19,32575.98,55.452,2842,17419,1
c7i,q19,32575.98,51.901,2842,17419,1
c7i,q19,32575.98,52.159,2842,17419,1
c7i,q19,32575.98,53.706,2842,17419,1
c7i,q19,32575.98,51.913,2842,17419,1
c7i,q19,32575.98,56.772,2842,17419,1
c7i,q1,231253.32,6147.657,14799,95585,4
c7i,q1,231253.32,4890.451,14799,95585,4
c7i,q1,231253.32,4851.978,14799,95585,4
c7i,q1,231253.32,4875.69,14799,95585,4
c7i,q1,231253.32,4856.82,14799,95585,4
c7i,q1,231253.32,4869.088,14799,95585,4
c7i,q1,231253.32,4873.48,14799,95585,4
c7i,q1,231253.32,4881.879,14799,95585,4
c7i,q1,231253.32,4882.688,14799,95585,4
c7i,q1,231253.32,4880.437,14799,95585,4
c7i,q1,231253.32,4846.563,14799,95585,4
c7i,q1,231253.32,4849.1,14799,95585,4
c7i,q1,231253.32,4839.428,14799,95585,4
c7i,q1,231253.32,4865.25,14799,95585,4
c7i,q1,231253.32,4842.347,14799,95585,4
c7i,q1,231253.32,4840.929,14799,95585,4
c7i,q1,231253.32,4850.741,14799,95585,4
c7i,q1,231253.32,4848.395,14799,95585,4
c7i,q1,231253.32,4850.206,14799,95585,4
c7i,q1,231253.32,4895.498,14799,95585,4
c7i,q20,164116.85,741.952,57360,74699,193
c7i,q20,164116.85,747.142,57360,74699,193
c7i,q20,164116.85,737.12,57360,74699,193
c7i,q20,164116.85,750.126,57360,74699,193
c7i,q20,164116.85,747.352,57360,74699,193
c7i,q20,164116.85,743.684,57360,74699,193
c7i,q20,164116.85,752.108,57360,74699,193
c7i,q20,164116.85,742.777,57360,74699,193
c7i,q20,164116.85,749.967,57360,74699,193
c7i,q20,164116.85,675.017,57360,74699,193
c7i,q20,164116.85,668.474,57360,74699,193
c7i,q20,164116.85,734.431,57360,74699,193
c7i,q20,164116.85,745.296,57360,74699,193
c7i,q20,164116.85,762.419,57360,74699,193
c7i,q20,164116.85,752.642,57360,74699,193
c7i,q20,164116.85,757.681,57360,74699,193
c7i,q20,164116.85,738.901,57360,74699,193
c7i,q20,164116.85,753.426,57360,74699,193
c7i,q20,164116.85,738.838,57360,74699,193
c7i,q20,164116.85,749.614,57360,74699,193
c7i,q21,72643.41,2111.068,772613,315571,100
c7i,q21,72643.41,2038.891,772613,315571,100
c7i,q21,72643.41,1814.907,772613,315571,100
c7i,q21,72643.41,2072.437,772613,315571,100
c7i,q21,72643.41,2084.099,772613,315571,100
c7i,q21,72643.41,2049.21,772613,315571,100
c7i,q21,72643.41,2108.255,772613,315571,100
c7i,q21,72643.41,2101.422,772613,315571,100
c7i,q21,72643.41,1771.516,772613,315571,100
c7i,q21,72643.41,2051.838,772613,315571,100
c7i,q21,72643.41,2076.077,772613,315571,100
c7i,q21,72643.41,2102.086,772613,315571,100
c7i,q21,72643.41,2043.046,772613,315571,100
c7i,q21,72643.41,2078.496,772613,315571,100
c7i,q21,72643.41,1777.206,772613,315571,100
c7i,q21,72643.41,2085.985,772613,315571,100
c7i,q21,72643.41,2113.245,772613,315571,100
c7i,q21,72643.41,2086.812,772613,315571,100
c7i,q21,72643.41,2099.62,772613,315571,100
c7i,q21,72643.41,1908.063,772613,315571,100
c7i,q22,13103.26,124.966,59398,5177,7
c7i,q22,13103.26,124.218,59398,5177,7
c7i,q22,13103.26,122.644,59398,5177,7
c7i,q22,13103.26,122.621,59398,5177,7
c7i,q22,13103.26,122.639,59398,5177,7
c7i,q22,13103.26,122.95,59398,5177,7
c7i,q22,13103.26,124.222,59398,5177,7
c7i,q22,13103.26,124.471,59398,5177,7
c7i,q22,13103.26,124.114,59398,5177,7
c7i,q22,13103.26,124.673,59398,5177,7
c7i,q22,13103.26,122.853,59398,5177,7
c7i,q22,13103.26,125.088,59398,5177,7
c7i,q22,13103.26,122.456,59398,5177,7
c7i,q22,13103.26,122.708,59398,5177,7
c7i,q22,13103.26,121.845,59398,5177,7
c7i,q22,13103.26,123.586,59398,5177,7
c7i,q22,13103.26,121.191,59398,5177,7
c7i,q22,13103.26,120.742,59398,5177,7
c7i,q22,13103.26,120.857,59398,5177,7
c7i,q22,13103.26,124.118,59398,5177,7
c7i,q2,120690.45,2135.685,160131,42049,100
c7i,q2,120690.45,1390.463,160131,42049,100
c7i,q2,120690.45,1387.57,160131,42049,100
c7i,q2,120690.45,1391.657,160131,42049,100
c7i,q2,120690.45,1386.012,160131,42049,100
c7i,q2,120690.45,1392.747,160131,42049,100
c7i,q2,120690.45,1391.92,160131,42049,100
c7i,q2,120690.45,1391.145,160131,42049,100
c7i,q2,120690.45,1400.191,160131,42049,100
c7i,q2,120690.45,1360.377,160131,42049,100
c7i,q2,120690.45,1400.566,160131,42049,100
c7i,q2,120690.45,1411.103,160131,42049,100
c7i,q2,120690.45,1398.61,160131,42049,100
c7i,q2,120690.45,1400.063,160131,42049,100
c7i,q2,120690.45,1388.782,160131,42049,100
c7i,q2,120690.45,1396.02,160131,42049,100
c7i,q2,120690.45,1385.734,160131,42049,100
c7i,q2,120690.45,1381.504,160131,42049,100
c7i,q2,120690.45,1351.637,160131,42049,100
c7i,q2,120690.45,1392.881,160131,42049,100
c7i,q3,195291.56,1940.81,495447,124226,10
c7i,q3,195291.56,865.477,495447,124226,10
c7i,q3,195291.56,845.399,495447,124226,10
c7i,q3,195291.56,850.924,495447,124226,10
c7i,q3,195291.56,853.356,495447,124226,10
c7i,q3,195291.56,857.268,495447,124226,10
c7i,q3,195291.56,857.095,495447,124226,10
c7i,q3,195291.56,861.748,495447,124226,10
c7i,q3,195291.56,852.961,495447,124226,10
c7i,q3,195291.56,774.875,495447,124226,10
c7i,q3,195291.56,788.096,495447,124226,10
c7i,q3,195291.56,835.121,495447,124226,10
c7i,q3,195291.56,874.137,495447,124226,10
c7i,q3,195291.56,857.194,495447,124226,10
c7i,q3,195291.56,850.671,495447,124226,10
c7i,q3,195291.56,857.744,495447,124226,10
c7i,q3,195291.56,874.178,495447,124226,10
c7i,q3,195291.56,851.465,495447,124226,10
c7i,q3,195291.56,870.8,495447,124226,10
c7i,q3,195291.56,852.92,495447,124226,10
c7i,q4,61263.21,338.631,170129,80893,5
c7i,q4,61263.21,340.639,170129,80893,5
c7i,q4,61263.21,361.528,170129,80893,5
c7i,q4,61263.21,335.359,170129,80893,5
c7i,q4,61263.21,338.433,170129,80893,5
c7i,q4,61263.21,354.374,170129,80893,5
c7i,q4,61263.21,341.379,170129,80893,5
c7i,q4,61263.21,304.116,170129,80893,5
c7i,q4,61263.21,282.425,170129,80893,5
c7i,q4,61263.21,285.725,170129,80893,5
c7i,q4,61263.21,334.873,170129,80893,5
c7i,q4,61263.21,333.635,170129,80893,5
c7i,q4,61263.21,331.815,170129,80893,5
c7i,q4,61263.21,351.793,170129,80893,5
c7i,q4,61263.21,363.479,170129,80893,5
c7i,q4,61263.21,336.811,170129,80893,5
c7i,q4,61263.21,349.606,170129,80893,5
c7i,q4,61263.21,334.364,170129,80893,5
c7i,q4,61263.21,337.109,170129,80893,5
c7i,q4,61263.21,351.066,170129,80893,5
c7i,q5,83490.24,1079.697,317194,263984,5
c7i,q5,83490.24,1018.443,317194,263984,5
c7i,q5,83490.24,1010.649,317194,263984,5
c7i,q5,83490.24,991.812,317194,263984,5
c7i,q5,83490.24,1018.686,317194,263984,5
c7i,q5,83490.24,1007.469,317194,263984,5
c7i,q5,83490.24,1047.612,317194,263984,5
c7i,q5,83490.24,818.029,317194,263984,5
c7i,q5,83490.24,864.82,317194,263984,5
c7i,q5,83490.24,982.923,317194,263984,5
c7i,q5,83490.24,1009.947,317194,263984,5
c7i,q5,83490.24,1031.344,317194,263984,5
c7i,q5,83490.24,1008.99,317194,263984,5
c7i,q5,83490.24,1005.087,317194,263984,5
c7i,q5,83490.24,1004.642,317194,263984,5
c7i,q5,83490.24,1017.946,317194,263984,5
c7i,q5,83490.24,1013.779,317194,263984,5
c7i,q5,83490.24,1020.297,317194,263984,5
c7i,q5,83490.24,997.106,317194,263984,5
c7i,q5,83490.24,794.677,317194,263984,5
c7i,q6,168633.05,730.66,2220,108148,1
c7i,q6,168633.05,741.999,2220,108148,1
c7i,q6,168633.05,749.497,2220,108148,1
c7i,q6,168633.05,741.541,2220,108148,1
c7i,q6,168633.05,753.439,2220,108148,1
c7i,q6,168633.05,741.788,2220,108148,1
c7i,q6,168633.05,753.916,2220,108148,1
c7i,q6,168633.05,752.764,2220,108148,1
c7i,q6,168633.05,748.666,2220,108148,1
c7i,q6,168633.05,752.904,2220,108148,1
c7i,q6,168633.05,741.992,2220,108148,1
c7i,q6,168633.05,756.064,2220,108148,1
c7i,q6,168633.05,751.174,2220,108148,1
c7i,q6,168633.05,751.222,2220,108148,1
c7i,q6,168633.05,698.871,2220,108148,1
c7i,q6,168633.05,663.576,2220,108148,1
c7i,q6,168633.05,735.404,2220,108148,1
c7i,q6,168633.05,740.188,2220,108148,1
c7i,q6,168633.05,757.853,2220,108148,1
c7i,q6,168633.05,745.511,2220,108148,1
c7i,q7,70658.3,2846.416,1182658,499623,4
c7i,q7,70658.3,2856.702,1182658,499623,4
c7i,q7,70658.3,2846.354,1182658,499623,4
c7i,q7,70658.3,2530.552,1182658,499623,4
c7i,q7,70658.3,2837.028,1182658,499623,4
c7i,q7,70658.3,2742.388,1182658,499623,4
c7i,q7,70658.3,2714.793,1182658,499623,4
c7i,q7,70658.3,2657.312,1182658,499623,4
c7i,q7,70658.3,2643.889,1182658,499623,4
c7i,q7,70658.3,2732.111,1182658,499623,4
c7i,q7,70658.3,2754.662,1182658,499623,4
c7i,q7,70658.3,2738.662,1182658,499623,4
c7i,q7,70658.3,2547.424,1182658,499623,4
c7i,q7,70658.3,2593.123,1182658,499623,4
c7i,q7,70658.3,2729.894,1182658,499623,4
c7i,q7,70658.3,2832.408,1182658,499623,4
c7i,q7,70658.3,2746.017,1182658,499623,4
c7i,q7,70658.3,2496.461,1182658,499623,4
c7i,q7,70658.3,2693.137,1182658,499623,4
c7i,q7,70658.3,2794.445,1182658,499623,4
c7i,q8,90831.9,973.071,165600,92240,2
c7i,q8,90831.9,745.259,165600,92240,2
c7i,q8,90831.9,734.398,165600,92240,2
c7i,q8,90831.9,726.807,165600,92240,2
c7i,q8,90831.9,746.974,165600,92240,2
c7i,q8,90831.9,728.967,165600,92240,2
c7i,q8,90831.9,661.55,165600,92240,2
c7i,q8,90831.9,538.273,165600,92240,2
c7i,q8,90831.9,689.831,165600,92240,2
c7i,q8,90831.9,709.19,165600,92240,2
c7i,q8,90831.9,742.371,165600,92240,2
c7i,q8,90831.9,739.409,165600,92240,2
c7i,q8,90831.9,752.59,165600,92240,2
c7i,q8,90831.9,738.75,165600,92240,2
c7i,q8,90831.9,738.482,165600,92240,2
c7i,q8,90831.9,714.683,165600,92240,2
c7i,q8,90831.9,744.258,165600,92240,2
c7i,q8,90831.9,748.012,165600,92240,2
c7i,q8,90831.9,729.217,165600,92240,2
c7i,q8,90831.9,727.965,165600,92240,2
c7i,q9,85841.45,2552.757,2967273,707713,175
c7i,q9,85841.45,2235.903,2967273,707713,175
c7i,q9,85841.45,2481.489,2967273,707713,175
c7i,q9,85841.45,2521.749,2967273,707713,175
c7i,q9,85841.45,2495.522,2967273,707713,175
c7i,q9,85841.45,2474.811,2967273,707713,175
c7i,q9,85841.45,2294.432,2967273,707713,175
c7i,q9,85841.45,2499.717,2967273,707713,175
c7i,q9,85841.45,2478.858,2967273,707713,175
c7i,q9,85841.45,2487.221,2967273,707713,175
c7i,q9,85841.45,2493.713,2967273,707713,175
c7i,q9,85841.45,2234.757,2967273,707713,175
c7i,q9,85841.45,2470.37,2967273,707713,175
c7i,q9,85841.45,2480.169,2967273,707713,175
c7i,q9,85841.45,2466.073,2967273,707713,175
c7i,q9,85841.45,2469.527,2967273,707713,175
c7i,q9,85841.45,2292.569,2967273,707713,175
c7i,q9,85841.45,2443.918,2967273,707713,175
c7i,q9,85841.45,2488.642,2967273,707713,175
c7i,q9,85841.45,2481.713,2967273,707713,175
m5a,q10,160189.8,785.47,176780,85991,20
m5a,q10,160189.8,781.242,176780,85991,20
m5a,q10,160189.8,779.399,176780,85991,20
m5a,q10,160189.8,765.618,176780,85991,20
m5a,q10,160189.8,779.872,176780,85991,20
m5a,q10,160189.8,766.696,176780,85991,20
m5a,q10,160189.8,778.003,176780,85991,20
m5a,q10,160189.8,784.677,176780,85991,20
m5a,q10,160189.8,772.409,176780,85991,20
m5a,q10,160189.8,784.196,176780,85991,20
m5a,q10,160189.8,780.392,176780,85991,20
m5a,q10,160189.8,785.498,176780,85991,20
m5a,q10,160189.8,783.81,176780,85991,20
m5a,q10,160189.8,780.347,176780,85991,20
m5a,q10,160189.8,778.566,176780,85991,20
m5a,q10,160189.8,783.297,176780,85991,20
m5a,q10,160189.8,778.098,176780,85991,20
m5a,q10,160189.8,777.561,176780,85991,20
m5a,q10,160189.8,782.294,176780,85991,20
m5a,q10,160189.8,773.76,176780,85991,20
m5a,q11,10203.71,232.129,42749,20040,1217
m5a,q11,10203.71,133.352,42749,20040,1217
m5a,q11,10203.71,132.92,42749,20040,1217
m5a,q11,10203.71,133.137,42749,20040,1217
m5a,q11,10203.71,132.894,42749,20040,1217
m5a,q11,10203.71,132.956,42749,20040,1217
m5a,q11,10203.71,132.62,42749,20040,1217
m5a,q11,10203.71,133.325,42749,20040,1217
m5a,q11,10203.71,133.265,42749,20040,1217
m5a,q11,10203.71,133.05,42749,20040,1217
m5a,q11,10203.71,132.33,42749,20040,1217
m5a,q11,10203.71,132.853,42749,20040,1217
m5a,q11,10203.71,132.464,42749,20040,1217
m5a,q11,10203.71,133.74,42749,20040,1217
m5a,q11,10203.71,134.164,42749,20040,1217
m5a,q11,10203.71,132.078,42749,20040,1217
m5a,q11,10203.71,133.1,42749,20040,1217
m5a,q11,10203.71,132.46,42749,20040,1217
m5a,q11,10203.71,132.883,42749,20040,1217
m5a,q11,10203.71,133.107,42749,20040,1217
m5a,q12,210511.91,1104.852,154,137041,2
m5a,q12,210511.91,1106.94,154,137041,2
m5a,q12,210511.91,1108.074,154,137041,2
m5a,q12,210511.91,1085.339,154,137041,2
m5a,q12,210511.91,1108.451,154,137041,2
m5a,q12,210511.91,1108.597,154,137041,2
m5a,q12,210511.91,1109.873,154,137041,2
m5a,q12,210511.91,1109.159,154,137041,2
m5a,q12,210511.91,1105.853,154,137041,2
m5a,q12,210511.91,1110.247,154,137041,2
m5a,q12,210511.91,1110.75,154,137041,2
m5a,q12,210511.91,1108.511,154,137041,2
m5a,q12,210511.91,1108.587,154,137041,2
m5a,q12,210511.91,1110.531,154,137041,2
m5a,q12,210511.91,1109.902,154,137041,2
m5a,q12,210511.91,1107.72,154,137041,2
m5a,q12,210511.91,1109.942,154,137041,2
m5a,q12,210511.91,1111.485,154,137041,2
m5a,q12,210511.91,1110.538,154,137041,2
m5a,q12,210511.91,1111.525,154,137041,2
m5a,q13,142161.33,1282.145,1344617,605352,42
m5a,q13,142161.33,1283.697,1344617,605352,42
m5a,q13,142161.33,1279.79,1344617,605352,42
m5a,q13,142161.33,1281.978,1344617,605352,42
m5a,q13,142161.33,1284.06,1344617,605352,42
m5a,q13,142161.33,1284.811,1344617,605352,42
m5a,q13,142161.33,1275.365,1344617,605352,42
m5a,q13,142161.33,1272.659,1344617,605352,42
m5a,q13,142161.33,1270.58,1344617,605352,42
m5a,q13,142161.33,1287.181,1344617,605352,42
m5a,q13,142161.33,1251.934,1344617,605352,42
m5a,q13,142161.33,1286.277,1344617,605352,42
m5a,q13,142161.33,1289.5,1344617,605352,42
m5a,q13,142161.33,1270.226,1344617,605352,42
m5a,q13,142161.33,1291.205,1344617,605352,42
m5a,q13,142161.33,1285.756,1344617,605352,42
m5a,q13,142161.33,1289.493,1344617,605352,42
m5a,q13,142161.33,1292.067,1344617,605352,42
m5a,q13,142161.33,1288.906,1344617,605352,42
m5a,q13,142161.33,1272.433,1344617,605352,42
m5a,q14,118586.59,302.22,163,114188,1
m5a,q14,118586.59,301.595,163,114188,1
m5a,q14,118586.59,302.016,163,114188,1
m5a,q14,118586.59,301.417,163,114188,1
m5a,q14,118586.59,301.563,163,114188,1
m5a,q14,118586.59,301.017,163,114188,1
m5a,q14,118586.59,301.409,163,114188,1
m5a,q14,118586.59,302.821,163,114188,1
m5a,q14,118586.59,301.054,163,114188,1
m5a,q14,118586.59,301.175,163,114188,1
m5a,q14,118586.59,300.582,163,114188,1
m5a,q14,118586.59,301.103,163,114188,1
m5a,q14,118586.59,302.558,163,114188,1
m5a,q14,118586.59,301.269,163,114188,1
m5a,q14,118586.59,302.376,163,114188,1
m5a,q14,118586.59,301.735,163,114188,1
m5a,q14,118586.59,301.309,163,114188,1
m5a,q14,118586.59,301.411,163,114188,1
m5a,q14,118586.59,301.425,163,114188,1
m5a,q14,118586.59,302.318,163,114188,1
m5a,q16,40977.39,434.668,4331,3282,18141
m5a,q16,40977.39,433.145,4331,3282,18141
m5a,q16,40977.39,431.227,4331,3282,18141
m5a,q16,40977.39,432.42,4331,3282,18141
m5a,q16,40977.39,433.503,4331,3282,18141
m5a,q16,40977.39,434.056,4331,3282,18141
m5a,q16,40977.39,434.443,4331,3282,18141
m5a,q16,40977.39,433.631,4331,3282,18141
m5a,q16,40977.39,436.613,4331,3282,18141
m5a,q16,40977.39,430.008,4331,3282,18141
m5a,q16,40977.39,434.408,4331,3282,18141
m5a,q16,40977.39,435.446,4331,3282,18141
m5a,q16,40977.39,433.995,4331,3282,18141
m5a,q16,40977.39,435.63,4331,3282,18141
m5a,q16,40977.39,430.596,4331,3282,18141
m5a,q16,40977.39,435.926,4331,3282,18141
m5a,q16,40977.39,433.238,4331,3282,18141
m5a,q16,40977.39,437.614,4331,3282,18141
m5a,q16,40977.39,438.903,4331,3282,18141
m5a,q16,40977.39,434.401,4331,3282,18141
m5a,q17,731369.7,691.751,226722,110705,1
m5a,q17,731369.7,539.885,226722,110705,1
m5a,q17,731369.7,540.142,226722,110705,1
m5a,q17,731369.7,538.111,226722,110705,1
m5a,q17,731369.7,537.048,226722,110705,1
m5a,q17,731369.7,538.266,226722,110705,1
m5a,q17,731369.7,540.549,226722,110705,1
m5a,q17,731369.7,540.061,226722,110705,1
m5a,q17,731369.7,539.124,226722,110705,1
m5a,q17,731369.7,540.264,226722,110705,1
m5a,q17,731369.7,541.021,226722,110705,1
m5a,q17,731369.7,540.799,226722,110705,1
m5a,q17,731369.7,538.963,226722,110705,1
m5a,q17,731369.7,541.518,226722,110705,1
m5a,q17,731369.7,539.064,226722,110705,1
m5a,q17,731369.7,540.159,226722,110705,1
m5a,q17,731369.7,540.584,226722,110705,1
m5a,q17,731369.7,540.524,226722,110705,1
m5a,q17,731369.7,541.464,226722,110705,1
m5a,q17,731369.7,537.58,226722,110705,1
m5a,q18,322525.59,4980.923,302455,149372,9
m5a,q18,322525.59,4896.615,302455,149372,9
m5a,q18,322525.59,4957.018,302455,149372,9
m5a,q18,322525.59,4955.166,302455,149372,9
m5a,q18,322525.59,4944.877,302455,149372,9
m5a,q18,322525.59,4876.446,302455,149372,9
m5a,q18,322525.59,4828.691,302455,149372,9
m5a,q18,322525.59,4953.404,302455,149372,9
m5a,q18,322525.59,4950.461,302455,149372,9
m5a,q18,322525.59,4932.475,302455,149372,9
m5a,q18,322525.59,4964.416,302455,149372,9
m5a,q18,322525.59,4941.175,302455,149372,9
m5a,q18,322525.59,4940.67,302455,149372,9
m5a,q18,322525.59,4951.932,302455,149372,9
m5a,q18,322525.59,4937.018,302455,149372,9
m5a,q18,322525.59,4954.007,302455,149372,9
m5a,q18,322525.59,4947.466,302455,149372,9
m5a,q18,322525.59,4948.549,302455,149372,9
m5a,q18,322525.59,4930.527,302455,149372,9
m5a,q18,322525.59,4956.671,302455,149372,9
m5a,q19,32575.98,86.086,2842,17419,1
m5a,q19,32575.98,66.906,2842,17419,1
m5a,q19,32575.98,62.086,2842,17419,1
m5a,q19,32575.98,62.202,2842,17419,1
m5a,q19,32575.98,62.236,2842,17419,1
m5a,q19,32575.98,61.949,2842,17419,1
m5a,q19,32575.98,62.015,2842,17419,1
m5a,q19,32575.98,61.834,2842,17419,1
m5a,q19,32575.98,62.113,2842,17419,1
m5a,q19,32575.98,61.829,2842,17419,1
m5a,q19,32575.98,61.779,2842,17419,1
m5a,q19,32575.98,61.91,2842,17419,1
m5a,q19,32575.98,61.8,2842,17419,1
m5a,q19,32575.98,61.936,2842,17419,1
m5a,q19,32575.98,61.71,2842,17419,1
m5a,q19,32575.98,61.93,2842,17419,1
m5a,q19,32575.98,62.094,2842,17419,1
m5a,q19,32575.98,61.797,2842,17419,1
m5a,q19,32575.98,62.174,2842,17419,1
m5a,q19,32575.98,62.011,2842,17419,1
m5a,q1,231253.32,10050.507,14799,95585,4
m5a,q1,231253.32,4406.347,14799,95585,4
m5a,q1,231253.32,4391.768,14799,95585,4
m5a,q1,231253.32,4405.416,14799,95585,4
m5a,q1,231253.32,4404.771,14799,95585,4
m5a,q1,231253.32,4388.901,14799,95585,4
m5a,q1,231253.32,4401.249,14799,95585,4
m5a,q1,231253.32,4399.793,14799,95585,4
m5a,q1,231253.32,4408.032,14799,95585,4
m5a,q1,231253.32,4398.912,14799,95585,4
m5a,q1,231253.32,4400.586,14799,95585,4
m5a,q1,231253.32,4351.376,14799,95585,4
m5a,q1,231253.32,4394.053,14799,95585,4
m5a,q1,231253.32,4400.667,14799,95585,4
m5a,q1,231253.32,4402.453,14799,95585,4
m5a,q1,231253.32,4393.418,14799,95585,4
m5a,q1,231253.32,4389.861,14799,95585,4
m5a,q1,231253.32,4404.785,14799,95585,4
m5a,q1,231253.32,4398.749,14799,95585,4
m5a,q1,231253.32,4402.323,14799,95585,4
m5a,q20,164116.85,1041.225,57360,74699,193
m5a,q20,164116.85,1042.062,57360,74699,193
m5a,q20,164116.85,1043.97,57360,74699,193
m5a,q20,164116.85,1042.347,57360,74699,193
m5a,q20,164116.85,1043.794,57360,74699,193
m5a,q20,164116.85,1045.409,57360,74699,193
m5a,q20,164116.85,1043.045,57360,74699,193
m5a,q20,164116.85,1042.947,57360,74699,193
m5a,q20,164116.85,1043.853,57360,74699,193
m5a,q20,164116.85,1042.932,57360,74699,193
m5a,q20,164116.85,1043.538,57360,74699,193
m5a,q20,164116.85,1045.865,57360,74699,193
m5a,q20,164116.85,1045.063,57360,74699,193
m5a,q20,164116.85,1043.381,57360,74699,193
m5a,q20,164116.85,1043.88,57360,74699,193
m5a,q20,164116.85,1043.473,57360,74699,193
m5a,q20,164116.85,1046.749,57360,74699,193
m5a,q20,164116.85,1043.904,57360,74699,193
m5a,q20,164116.85,1042.568,57360,74699,193
m5a,q20,164116.85,1043.398,57360,74699,193
m5a,q21,72643.41,2270.84,772613,315571,100
m5a,q21,72643.41,2270.745,772613,315571,100
m5a,q21,72643.41,2258.441,772613,315571,100
m5a,q21,72643.41,2258.827,772613,315571,100
m5a,q21,72643.41,2262.826,772613,315571,100
m5a,q21,72643.41,2268.703,772613,315571,100
m5a,q21,72643.41,2275.448,772613,315571,100
m5a,q21,72643.41,2283.948,772613,315571,100
m5a,q21,72643.41,2270.724,772613,315571,100
m5a,q21,72643.41,2254.501,772613,315571,100
m5a,q21,72643.41,2277.971,772613,315571,100
m5a,q21,72643.41,2266.451,772613,315571,100
m5a,q21,72643.41,2263.713,772613,315571,100
m5a,q21,72643.41,2277.433,772613,315571,100
m5a,q21,72643.41,2264.027,772613,315571,100
m5a,q21,72643.41,2277.364,772613,315571,100
m5a,q21,72643.41,2281.068,772613,315571,100
m5a,q21,72643.41,2257.57,772613,315571,100
m5a,q21,72643.41,2281.53,772613,315571,100
m5a,q21,72643.41,2255.856,772613,315571,100
m5a,q22,13103.26,143.627,59398,5177,7
m5a,q22,13103.26,130.903,59398,5177,7
m5a,q22,13103.26,131.611,59398,5177,7
m5a,q22,13103.26,131.664,59398,5177,7
m5a,q22,13103.26,132.187,59398,5177,7
m5a,q22,13103.26,132.045,59398,5177,7
m5a,q22,13103.26,131.324,59398,5177,7
m5a,q22,13103.26,131.338,59398,5177,7
m5a,q22,13103.26,131.613,59398,5177,7
m5a,q22,13103.26,131.723,59398,5177,7
m5a,q22,13103.26,131.585,59398,5177,7
m5a,q22,13103.26,131.796,59398,5177,7
m5a,q22,13103.26,132.2,59398,5177,7
m5a,q22,13103.26,131.438,59398,5177,7
m5a,q22,13103.26,131.579,59398,5177,7
m5a,q22,13103.26,131.442,59398,5177,7
m5a,q22,13103.26,131.448,59398,5177,7
m5a,q22,13103.26,131.406,59398,5177,7
m5a,q22,13103.26,131.44,59398,5177,7
m5a,q22,13103.26,131.543,59398,5177,7
m5a,q2,120690.45,3139.688,160131,42049,100
m5a,q2,120690.45,2485.346,160131,42049,100
m5a,q2,120690.45,2483.353,160131,42049,100
m5a,q2,120690.45,2480.584,160131,42049,100
m5a,q2,120690.45,2480.387,160131,42049,100
m5a,q2,120690.45,2480.059,160131,42049,100
m5a,q2,120690.45,2475.883,160131,42049,100
m5a,q2,120690.45,2481.031,160131,42049,100
m5a,q2,120690.45,2478.908,160131,42049,100
m5a,q2,120690.45,2480.572,160131,42049,100
m5a,q2,120690.45,2476.696,160131,42049,100
m5a,q2,120690.45,2477.556,160131,42049,100
m5a,q2,120690.45,2475.14,160131,42049,100
m5a,q2,120690.45,2474.997,160131,42049,100
m5a,q2,120690.45,2478.677,160131,42049,100
m5a,q2,120690.45,2482.058,160131,42049,100
m5a,q2,120690.45,2486.197,160131,42049,100
m5a,q2,120690.45,2475.56,160131,42049,100
m5a,q2,120690.45,2484.29,160131,42049,100
m5a,q2,120690.45,2475.646,160131,42049,100
m5a,q3,195291.56,1977.125,495447,124226,10
m5a,q3,195291.56,729.719,495447,124226,10
m5a,q3,195291.56,728.114,495447,124226,10
m5a,q3,195291.56,729.656,495447,124226,10
m5a,q3,195291.56,728.944,495447,124226,10
m5a,q3,195291.56,730.872,495447,124226,10
m5a,q3,195291.56,729.541,495447,124226,10
m5a,q3,195291.56,729.169,495447,124226,10
m5a,q3,195291.56,728.705,495447,124226,10
m5a,q3,195291.56,729.042,495447,124226,10
m5a,q3,195291.56,730.712,495447,124226,10
m5a,q3,195291.56,731.087,495447,124226,10
m5a,q3,195291.56,728.883,495447,124226,10
m5a,q3,195291.56,730.061,495447,124226,10
m5a,q3,195291.56,729.002,495447,124226,10
m5a,q3,195291.56,728.718,495447,124226,10
m5a,q3,195291.56,730.429,495447,124226,10
m5a,q3,195291.56,729.43,495447,124226,10
m5a,q3,195291.56,730.213,495447,124226,10
m5a,q3,195291.56,731.926,495447,124226,10
m5a,q4,61263.21,320.796,170129,80893,5
m5a,q4,61263.21,317.346,170129,80893,5
m5a,q4,61263.21,315.196,170129,80893,5
m5a,q4,61263.21,316.364,170129,80893,5
m5a,q4,61263.21,315.105,170129,80893,5
m5a,q4,61263.21,316.324,170129,80893,5
m5a,q4,61263.21,316.059,170129,80893,5
m5a,q4,61263.21,314.979,170129,80893,5
m5a,q4,61263.21,315.313,170129,80893,5
m5a,q4,61263.21,315.827,170129,80893,5
m5a,q4,61263.21,315.035,170129,80893,5
m5a,q4,61263.21,315.903,170129,80893,5
m5a,q4,61263.21,314.647,170129,80893,5
m5a,q4,61263.21,315.448,170129,80893,5
m5a,q4,61263.21,316.655,170129,80893,5
m5a,q4,61263.21,318.323,170129,80893,5
m5a,q4,61263.21,316.392,170129,80893,5
m5a,q4,61263.21,315.966,170129,80893,5
m5a,q4,61263.21,316.378,170129,80893,5
m5a,q4,61263.21,315.594,170129,80893,5
m5a,q5,83490.24,750.118,317194,263984,5
m5a,q5,83490.24,697.26,317194,263984,5
m5a,q5,83490.24,698.492,317194,263984,5
m5a,q5,83490.24,696.226,317194,263984,5
m5a,q5,83490.24,698.431,317194,263984,5
m5a,q5,83490.24,698.184,317194,263984,5
m5a,q5,83490.24,697.945,317194,263984,5
m5a,q5,83490.24,698.938,317194,263984,5
m5a,q5,83490.24,699.001,317194,263984,5
m5a,q5,83490.24,699.499,317194,263984,5
m5a,q5,83490.24,700.723,317194,263984,5
m5a,q5,83490.24,701.738,317194,263984,5
m5a,q5,83490.24,699.221,317194,263984,5
m5a,q5,83490.24,697.879,317194,263984,5
m5a,q5,83490.24,698.908,317194,263984,5
m5a,q5,83490.24,699.287,317194,263984,5
m5a,q5,83490.24,696.791,317194,263984,5
m5a,q5,83490.24,698.024,317194,263984,5
m5a,q5,83490.24,697.993,317194,263984,5
m5a,q5,83490.24,697.792,317194,263984,5
m5a,q6,168633.05,767.662,2220,108148,1
m5a,q6,168633.05,761.227,2220,108148,1
m5a,q6,168633.05,764.572,2220,108148,1
m5a,q6,168633.05,762.693,2220,108148,1
m5a,q6,168633.05,762.043,2220,108148,1
m5a,q6,168633.05,760.211,2220,108148,1
m5a,q6,168633.05,761.826,2220,108148,1
m5a,q6,168633.05,761.672,2220,108148,1
m5a,q6,168633.05,757.686,2220,108148,1
m5a,q6,168633.05,758.533,2220,108148,1
m5a,q6,168633.05,759.632,2220,108148,1
m5a,q6,168633.05,761.11,2220,108148,1
m5a,q6,168633.05,764.018,2220,108148,1
m5a,q6,168633.05,761.141,2220,108148,1
m5a,q6,168633.05,760.864,2220,108148,1
m5a,q6,168633.05,761.026,2220,108148,1
m5a,q6,168633.05,762.313,2220,108148,1
m5a,q6,168633.05,763.62,2220,108148,1
m5a,q6,168633.05,763.159,2220,108148,1
m5a,q6,168633.05,762.507,2220,108148,1
m5a,q7,70658.3,3645.029,1182658,499623,4
m5a,q7,70658.3,3652.069,1182658,499623,4
m5a,q7,70658.3,3629.565,1182658,499623,4
m5a,q7,70658.3,3647.874,1182658,499623,4
m5a,q7,70658.3,3632.153,1182658,499623,4
m5a,q7,70658.3,3646.398,1182658,499623,4
m5a,q7,70658.3,3613.674,1182658,499623,4
m5a,q7,70658.3,3624.969,1182658,499623,4
m5a,q7,70658.3,3622.306,1182658,499623,4
m5a,q7,70658.3,3620.192,1182658,499623,4
m5a,q7,70658.3,3637.462,1182658,499623,4
m5a,q7,70658.3,3650.861,1182658,499623,4
m5a,q7,70658.3,3644.607,1182658,499623,4
m5a,q7,70658.3,3624.435,1182658,499623,4
m5a,q7,70658.3,4057.891,1182658,499623,4
m5a,q7,70658.3,3687.472,1182658,499623,4
m5a,q7,70658.3,3615.778,1182658,499623,4
m5a,q7,70658.3,3625.507,1182658,499623,4
m5a,q7,70658.3,3635.305,1182658,499623,4
m5a,q7,70658.3,3619.139,1182658,499623,4
m5a,q8,90831.9,763.784,165600,92240,2
m5a,q8,90831.9,520.628,165600,92240,2
m5a,q8,90831.9,519.767,165600,92240,2
m5a,q8,90831.9,520.522,165600,92240,2
m5a,q8,90831.9,519.114,165600,92240,2
m5a,q8,90831.9,520.412,165600,92240,2
m5a,q8,90831.9,519.537,165600,92240,2
m5a,q8,90831.9,520.084,165600,92240,2
m5a,q8,90831.9,519.35,165600,92240,2
m5a,q8,90831.9,519.909,165600,92240,2
m5a,q8,90831.9,521.604,165600,92240,2
m5a,q8,90831.9,520.342,165600,92240,2
m5a,q8,90831.9,520.511,165600,92240,2
m5a,q8,90831.9,520.568,165600,92240,2
m5a,q8,90831.9,520.19,165600,92240,2
m5a,q8,90831.9,519.3,165600,92240,2
m5a,q8,90831.9,519.217,165600,92240,2
m5a,q8,90831.9,520.384,165600,92240,2
m5a,q8,90831.9,521.335,165600,92240,2
m5a,q8,90831.9,519.655,165600,92240,2
m5a,q9,85841.45,2199.236,2967273,707713,175
m5a,q9,85841.45,2089.323,2967273,707713,175
m5a,q9,85841.45,2089.508,2967273,707713,175
m5a,q9,85841.45,2085.905,2967273,707713,175
m5a,q9,85841.45,2085.732,2967273,707713,175
m5a,q9,85841.45,2087.063,2967273,707713,175
m5a,q9,85841.45,2083.04,2967273,707713,175
m5a,q9,85841.45,2088.54,2967273,707713,175
m5a,q9,85841.45,2130.114,2967273,707713,175
m5a,q9,85841.45,2087.954,2967273,707713,175
m5a,q9,85841.45,2093.022,2967273,707713,175
m5a,q9,85841.45,2090.374,2967273,707713,175
m5a,q9,85841.45,2089.141,2967273,707713,175
m5a,q9,85841.45,2087.938,2967273,707713,175
m5a,q9,85841.45,2088.173,2967273,707713,175
m5a,q9,85841.45,2092.261,2967273,707713,175
m5a,q9,85841.45,2088.358,2967273,707713,175
m5a,q9,85841.45,2089.23,2967273,707713,175
m5a,q9,85841.45,2087.489,2967273,707713,175
m5a,q9,85841.45,2089.062,2967273,707713,175
r5n,q10,160189.8,1023.915,176780,85991,20
r5n,q10,160189.8,1017.464,176780,85991,20
r5n,q10,160189.8,1038.183,176780,85991,20
r5n,q10,160189.8,1041.32,176780,85991,20
r5n,q10,160189.8,1038.884,176780,85991,20
r5n,q10,160189.8,1034.105,176780,85991,20
r5n,q10,160189.8,1035.11,176780,85991,20
r5n,q10,160189.8,1039.514,176780,85991,20
r5n,q10,160189.8,1037.22,176780,85991,20
r5n,q10,160189.8,1038.966,176780,85991,20
r5n,q10,160189.8,1037.912,176780,85991,20
r5n,q10,160189.8,1039.136,176780,85991,20
r5n,q10,160189.8,1044.691,176780,85991,20
r5n,q10,160189.8,1040.258,176780,85991,20
r5n,q10,160189.8,1041.953,176780,85991,20
r5n,q10,160189.8,1045.491,176780,85991,20
r5n,q10,160189.8,1036.303,176780,85991,20
r5n,q10,160189.8,1040.192,176780,85991,20
r5n,q10,160189.8,1037.451,176780,85991,20
r5n,q10,160189.8,1048.693,176780,85991,20
r5n,q11,10203.71,185.817,42749,20040,1217
r5n,q11,10203.71,102.466,42749,20040,1217
r5n,q11,10203.71,102.132,42749,20040,1217
r5n,q11,10203.71,102.603,42749,20040,1217
r5n,q11,10203.71,102.334,42749,20040,1217
r5n,q11,10203.71,103.191,42749,20040,1217
r5n,q11,10203.71,101.563,42749,20040,1217
r5n,q11,10203.71,102.46,42749,20040,1217
r5n,q11,10203.71,102.292,42749,20040,1217
r5n,q11,10203.71,103.006,42749,20040,1217
r5n,q11,10203.71,102.375,42749,20040,1217
r5n,q11,10203.71,102.926,42749,20040,1217
r5n,q11,10203.71,103.158,42749,20040,1217
r5n,q11,10203.71,102.728,42749,20040,1217
r5n,q11,10203.71,102.447,42749,20040,1217
r5n,q11,10203.71,102.064,42749,20040,1217
r5n,q11,10203.71,101.808,42749,20040,1217
r5n,q11,10203.71,102.295,42749,20040,1217
r5n,q11,10203.71,102.069,42749,20040,1217
r5n,q11,10203.71,102.569,42749,20040,1217
r5n,q12,210511.91,1562.844,154,137041,2
r5n,q12,210511.91,1564.792,154,137041,2
r5n,q12,210511.91,1562.24,154,137041,2
r5n,q12,210511.91,1559.782,154,137041,2
r5n,q12,210511.91,1560.185,154,137041,2
r5n,q12,210511.91,1559.45,154,137041,2
r5n,q12,210511.91,1561.94,154,137041,2
r5n,q12,210511.91,1560.589,154,137041,2
r5n,q12,210511.91,1560.972,154,137041,2
r5n,q12,210511.91,1556.63,154,137041,2
r5n,q12,210511.91,1557.039,154,137041,2
r5n,q12,210511.91,1563.166,154,137041,2
r5n,q12,210511.91,1552.28,154,137041,2
r5n,q12,210511.91,1557.744,154,137041,2
r5n,q12,210511.91,1553.317,154,137041,2
r5n,q12,210511.91,1559.636,154,137041,2
r5n,q12,210511.91,1555.861,154,137041,2
r5n,q12,210511.91,1553.763,154,137041,2
r5n,q12,210511.91,1554.854,154,137041,2
r5n,q12,210511.91,1551.99,154,137041,2
r5n,q13,142161.33,1627.505,1344617,605352,42
r5n,q13,142161.33,1634.088,1344617,605352,42
r5n,q13,142161.33,1625.713,1344617,605352,42
r5n,q13,142161.33,1626.766,1344617,605352,42
r5n,q13,142161.33,1633.396,1344617,605352,42
r5n,q13,142161.33,1621.833,1344617,605352,42
r5n,q13,142161.33,1622.745,1344617,605352,42
r5n,q13,142161.33,1634.624,1344617,605352,42
r5n,q13,142161.33,1628.593,1344617,605352,42
r5n,q13,142161.33,1636.204,1344617,605352,42
r5n,q13,142161.33,1628.608,1344617,605352,42
r5n,q13,142161.33,1625.586,1344617,605352,42
r5n,q13,142161.33,1626.343,1344617,605352,42
r5n,q13,142161.33,1620.159,1344617,605352,42
r5n,q13,142161.33,1625.822,1344617,605352,42
r5n,q13,142161.33,1613.86,1344617,605352,42
r5n,q13,142161.33,1616.482,1344617,605352,42
r5n,q13,142161.33,1615.512,1344617,605352,42
r5n,q13,142161.33,1617.419,1344617,605352,42
r5n,q13,142161.33,1614.976,1344617,605352,42
r5n,q14,118586.59,427.622,163,114188,1
r5n,q14,118586.59,424.72,163,114188,1
r5n,q14,118586.59,423.96,163,114188,1
r5n,q14,118586.59,425.276,163,114188,1
r5n,q14,118586.59,423.467,163,114188,1
r5n,q14,118586.59,424.139,163,114188,1
r5n,q14,118586.59,422.446,163,114188,1
r5n,q14,118586.59,421.285,163,114188,1
r5n,q14,118586.59,423.622,163,114188,1
r5n,q14,118586.59,420.867,163,114188,1
r5n,q14,118586.59,422.818,163,114188,1
r5n,q14,118586.59,421.81,163,114188,1
r5n,q14,118586.59,424.154,163,114188,1
r5n,q14,118586.59,422.686,163,114188,1
r5n,q14,118586.59,422.793,163,114188,1
r5n,q14,118586.59,420.406,163,114188,1
r5n,q14,118586.59,422.187,163,114188,1
r5n,q14,118586.59,423.508,163,114188,1
r5n,q14,118586.59,422.453,163,114188,1
r5n,q14,118586.59,419.753,163,114188,1
r5n,q16,40977.39,552.878,4331,3282,18141
r5n,q16,40977.39,556.208,4331,3282,18141
r5n,q16,40977.39,555.712,4331,3282,18141
r5n,q16,40977.39,560.668,4331,3282,18141
r5n,q16,40977.39,563.775,4331,3282,18141
r5n,q16,40977.39,556.19,4331,3282,18141
r5n,q16,40977.39,565.102,4331,3282,18141
r5n,q16,40977.39,560.815,4331,3282,18141
r5n,q16,40977.39,568.975,4331,3282,18141
r5n,q16,40977.39,564.443,4331,3282,18141
r5n,q16,40977.39,557.491,4331,3282,18141
r5n,q16,40977.39,564.98,4331,3282,18141
r5n,q16,40977.39,561.991,4331,3282,18141
r5n,q16,40977.39,564.323,4331,3282,18141
r5n,q16,40977.39,555.271,4331,3282,18141
r5n,q16,40977.39,558.665,4331,3282,18141
r5n,q16,40977.39,563.801,4331,3282,18141
r5n,q16,40977.39,555.383,4331,3282,18141
r5n,q16,40977.39,557.377,4331,3282,18141
r5n,q16,40977.39,564.738,4331,3282,18141
r5n,q17,731369.7,476.633,226722,110705,1
r5n,q17,731369.7,363.699,226722,110705,1
r5n,q17,731369.7,362.639,226722,110705,1
r5n,q17,731369.7,362.123,226722,110705,1
r5n,q17,731369.7,361.858,226722,110705,1
r5n,q17,731369.7,362.955,226722,110705,1
r5n,q17,731369.7,363.063,226722,110705,1
r5n,q17,731369.7,364.198,226722,110705,1
r5n,q17,731369.7,362.195,226722,110705,1
r5n,q17,731369.7,362.183,226722,110705,1
r5n,q17,731369.7,362.197,226722,110705,1
r5n,q17,731369.7,361.951,226722,110705,1
r5n,q17,731369.7,364.504,226722,110705,1
r5n,q17,731369.7,364.104,226722,110705,1
r5n,q17,731369.7,363.552,226722,110705,1
r5n,q17,731369.7,363.907,226722,110705,1
r5n,q17,731369.7,353.883,226722,110705,1
r5n,q17,731369.7,354.194,226722,110705,1
r5n,q17,731369.7,351.623,226722,110705,1
r5n,q17,731369.7,352.887,226722,110705,1
r5n,q18,322525.59,7201.478,302455,149372,9
r5n,q18,322525.59,7181.839,302455,149372,9
r5n,q18,322525.59,7200.895,302455,149372,9
r5n,q18,322525.59,7339.895,302455,149372,9
r5n,q18,322525.59,7358.533,302455,149372,9
r5n,q18,322525.59,7266.196,302455,149372,9
r5n,q18,322525.59,7235.978,302455,149372,9
r5n,q18,322525.59,7231.062,302455,149372,9
r5n,q18,322525.59,7238.41,302455,149372,9
r5n,q18,322525.59,7243.472,302455,149372,9
r5n,q18,322525.59,7230.009,302455,149372,9
r5n,q18,322525.59,7232.344,302455,149372,9
r5n,q18,322525.59,7238.031,302455,149372,9
r5n,q18,322525.59,7237.132,302455,149372,9
r5n,q18,322525.59,7246.51,302455,149372,9
r5n,q18,322525.59,7231.001,302455,149372,9
r5n,q18,322525.59,7229.112,302455,149372,9
r5n,q18,322525.59,7168.291,302455,149372,9
r5n,q18,322525.59,7267.255,302455,149372,9
r5n,q18,322525.59,7225.488,302455,149372,9
r5n,q19,32575.98,114.575,2842,17419,1
r5n,q19,32575.98,94.033,2842,17419,1
r5n,q19,32575.98,76.208,2842,17419,1
r5n,q19,32575.98,74.166,2842,17419,1
r5n,q19,32575.98,74.252,2842,17419,1
r5n,q19,32575.98,73.37,2842,17419,1
r5n,q19,32575.98,73.241,2842,17419,1
r5n,q19,32575.98,72.638,2842,17419,1
r5n,q19,32575.98,74.395,2842,17419,1
r5n,q19,32575.98,73.587,2842,17419,1
r5n,q19,32575.98,74.108,2842,17419,1
r5n,q19,32575.98,72.801,2842,17419,1
r5n,q19,32575.98,73.968,2842,17419,1
r5n,q19,32575.98,73.348,2842,17419,1
r5n,q19,32575.98,72.878,2842,17419,1
r5n,q19,32575.98,73.191,2842,17419,1
r5n,q19,32575.98,73.527,2842,17419,1
r5n,q19,32575.98,74.027,2842,17419,1
r5n,q19,32575.98,74.02,2842,17419,1
r5n,q19,32575.98,72.799,2842,17419,1
r5n,q1,231253.32,7616.392,14799,95585,4
r5n,q1,231253.32,7097.057,14799,95585,4
r5n,q1,231253.32,7086.383,14799,95585,4
r5n,q1,231253.32,7104.032,14799,95585,4
r5n,q1,231253.32,7112.495,14799,95585,4
r5n,q1,231253.32,7102.682,14799,95585,4
r5n,q1,231253.32,7100.541,14799,95585,4
r5n,q1,231253.32,7099.696,14799,95585,4
r5n,q1,231253.32,7088.916,14799,95585,4
r5n,q1,231253.32,7104.169,14799,95585,4
r5n,q1,231253.32,7100.15,14799,95585,4
r5n,q1,231253.32,7101.813,14799,95585,4
r5n,q1,231253.32,7110.85,14799,95585,4
r5n,q1,231253.32,7105.214,14799,95585,4
r5n,q1,231253.32,7100.676,14799,95585,4
r5n,q1,231253.32,7103.513,14799,95585,4
r5n,q1,231253.32,7106.527,14799,95585,4
r5n,q1,231253.32,7106.666,14799,95585,4
r5n,q1,231253.32,7105.876,14799,95585,4
r5n,q1,231253.32,7103.015,14799,95585,4
r5n,q20,164116.85,885.441,57360,74699,193
r5n,q20,164116.85,873.234,57360,74699,193
r5n,q20,164116.85,873.211,57360,74699,193
r5n,q20,164116.85,882.366,57360,74699,193
r5n,q20,164116.85,884.649,57360,74699,193
r5n,q20,164116.85,882.588,57360,74699,193
r5n,q20,164116.85,884.496,57360,74699,193
r5n,q20,164116.85,891.01,57360,74699,193
r5n,q20,164116.85,888.294,57360,74699,193
r5n,q20,164116.85,890.364,57360,74699,193
r5n,q20,164116.85,885.736,57360,74699,193
r5n,q20,164116.85,890.65,57360,74699,193
r5n,q20,164116.85,888.719,57360,74699,193
r5n,q20,164116.85,886.705,57360,74699,193
r5n,q20,164116.85,892.011,57360,74699,193
r5n,q20,164116.85,888.698,57360,74699,193
r5n,q20,164116.85,889.555,57360,74699,193
r5n,q20,164116.85,879.372,57360,74699,193
r5n,q20,164116.85,874.148,57360,74699,193
r5n,q20,164116.85,862.575,57360,74699,193
r5n,q21,72643.41,2524.3,772613,315571,100
r5n,q21,72643.41,2559.935,772613,315571,100
r5n,q21,72643.41,2568.656,772613,315571,100
r5n,q21,72643.41,2559.305,772613,315571,100
r5n,q21,72643.41,2575.65,772613,315571,100
r5n,q21,72643.41,2560.292,772613,315571,100
r5n,q21,72643.41,2566.759,772613,315571,100
r5n,q21,72643.41,2569.203,772613,315571,100
r5n,q21,72643.41,2575.451,772613,315571,100
r5n,q21,72643.41,2577.082,772613,315571,100
r5n,q21,72643.41,2582.967,772613,315571,100
r5n,q21,72643.41,2575.344,772613,315571,100
r5n,q21,72643.41,2603.086,772613,315571,100
r5n,q21,72643.41,2577.576,772613,315571,100
r5n,q21,72643.41,2590.162,772613,315571,100
r5n,q21,72643.41,2580.129,772613,315571,100
r5n,q21,72643.41,2568.591,772613,315571,100
r5n,q21,72643.41,2590.586,772613,315571,100
r5n,q21,72643.41,2570.18,772613,315571,100
r5n,q21,72643.41,2579.628,772613,315571,100
r5n,q22,13103.26,190.445,59398,5177,7
r5n,q22,13103.26,178.198,59398,5177,7
r5n,q22,13103.26,177.994,59398,5177,7
r5n,q22,13103.26,177.867,59398,5177,7
r5n,q22,13103.26,174.161,59398,5177,7
r5n,q22,13103.26,179.93,59398,5177,7
r5n,q22,13103.26,176.723,59398,5177,7
r5n,q22,13103.26,174.203,59398,5177,7
r5n,q22,13103.26,178.145,59398,5177,7
r5n,q22,13103.26,178.177,59398,5177,7
r5n,q22,13103.26,178.035,59398,5177,7
r5n,q22,13103.26,177.854,59398,5177,7
r5n,q22,13103.26,177.798,59398,5177,7
r5n,q22,13103.26,176.151,59398,5177,7
r5n,q22,13103.26,174.275,59398,5177,7
r5n,q22,13103.26,178.276,59398,5177,7
r5n,q22,13103.26,178.002,59398,5177,7
r5n,q22,13103.26,176.41,59398,5177,7
r5n,q22,13103.26,179.444,59398,5177,7
r5n,q22,13103.26,175.989,59398,5177,7
r5n,q2,120690.45,2525.833,160131,42049,100
r5n,q2,120690.45,1686.104,160131,42049,100
r5n,q2,120690.45,1682.305,160131,42049,100
r5n,q2,120690.45,1688.151,160131,42049,100
r5n,q2,120690.45,1696.753,160131,42049,100
r5n,q2,120690.45,1682.35,160131,42049,100
r5n,q2,120690.45,1684.425,160131,42049,100
r5n,q2,120690.45,1682.968,160131,42049,100
r5n,q2,120690.45,1689.357,160131,42049,100
r5n,q2,120690.45,1688.574,160131,42049,100
r5n,q2,120690.45,1692.394,160131,42049,100
r5n,q2,120690.45,1681.022,160131,42049,100
r5n,q2,120690.45,1681.974,160131,42049,100
r5n,q2,120690.45,1693.308,160131,42049,100
r5n,q2,120690.45,1686.676,160131,42049,100
r5n,q2,120690.45,1701.287,160131,42049,100
r5n,q2,120690.45,1690.084,160131,42049,100
r5n,q2,120690.45,1684.429,160131,42049,100
r5n,q2,120690.45,1687.781,160131,42049,100
r5n,q2,120690.45,1692.192,160131,42049,100
r5n,q3,195291.56,5459.971,495447,124226,10
r5n,q3,195291.56,1071.101,495447,124226,10
r5n,q3,195291.56,1071.534,495447,124226,10
r5n,q3,195291.56,1071.142,495447,124226,10
r5n,q3,195291.56,1069.581,495447,124226,10
r5n,q3,195291.56,1081.964,495447,124226,10
r5n,q3,195291.56,1068.606,495447,124226,10
r5n,q3,195291.56,1072.221,495447,124226,10
r5n,q3,195291.56,1070.394,495447,124226,10
r5n,q3,195291.56,1064.842,495447,124226,10
r5n,q3,195291.56,1067.8,495447,124226,10
r5n,q3,195291.56,1060.442,495447,124226,10
r5n,q3,195291.56,1064.957,495447,124226,10
r5n,q3,195291.56,1061.152,495447,124226,10
r5n,q3,195291.56,1065.291,495447,124226,10
r5n,q3,195291.56,1062.256,495447,124226,10
r5n,q3,195291.56,1062.909,495447,124226,10
r5n,q3,195291.56,1066.465,495447,124226,10
r5n,q3,195291.56,1062.6,495447,124226,10
r5n,q3,195291.56,1059.014,495447,124226,10
r5n,q4,61263.21,534.22,170129,80893,5
r5n,q4,61263.21,448.307,170129,80893,5
r5n,q4,61263.21,438.375,170129,80893,5
r5n,q4,61263.21,440.902,170129,80893,5
r5n,q4,61263.21,439.251,170129,80893,5
r5n,q4,61263.21,438.655,170129,80893,5
r5n,q4,61263.21,439.866,170129,80893,5
r5n,q4,61263.21,438.935,170129,80893,5
r5n,q4,61263.21,440.901,170129,80893,5
r5n,q4,61263.21,442.554,170129,80893,5
r5n,q4,61263.21,444.118,170129,80893,5
r5n,q4,61263.21,437.283,170129,80893,5
r5n,q4,61263.21,437.167,170129,80893,5
r5n,q4,61263.21,438.524,170129,80893,5
r5n,q4,61263.21,437.253,170129,80893,5
r5n,q4,61263.21,441.575,170129,80893,5
r5n,q4,61263.21,443.04,170129,80893,5
r5n,q4,61263.21,439.049,170129,80893,5
r5n,q4,61263.21,439.594,170129,80893,5
r5n,q4,61263.21,440.912,170129,80893,5
r5n,q5,83490.24,1412.925,317194,263984,5
r5n,q5,83490.24,1127.255,317194,263984,5
r5n,q5,83490.24,1131.191,317194,263984,5
r5n,q5,83490.24,1120.962,317194,263984,5
r5n,q5,83490.24,1104.139,317194,263984,5
r5n,q5,83490.24,1110.593,317194,263984,5
r5n,q5,83490.24,1118.232,317194,263984,5
r5n,q5,83490.24,1101.033,317194,263984,5
r5n,q5,83490.24,1075.88,317194,263984,5
r5n,q5,83490.24,1089.024,317194,263984,5
r5n,q5,83490.24,1082.635,317194,263984,5
r5n,q5,83490.24,1082.21,317194,263984,5
r5n,q5,83490.24,1076.097,317194,263984,5
r5n,q5,83490.24,1088.604,317194,263984,5
r5n,q5,83490.24,1087.13,317194,263984,5
r5n,q5,83490.24,1087.123,317194,263984,5
r5n,q5,83490.24,1112.955,317194,263984,5
r5n,q5,83490.24,1120.459,317194,263984,5
r5n,q5,83490.24,1132.405,317194,263984,5
r5n,q5,83490.24,1130.636,317194,263984,5
r5n,q6,168633.05,1072.878,2220,108148,1
r5n,q6,168633.05,1069.629,2220,108148,1
r5n,q6,168633.05,1071.502,2220,108148,1
r5n,q6,168633.05,1076.607,2220,108148,1
r5n,q6,168633.05,1541.054,2220,108148,1
r5n,q6,168633.05,1535.673,2220,108148,1
r5n,q6,168633.05,1633.364,2220,108148,1
r5n,q6,168633.05,1236.112,2220,108148,1
r5n,q6,168633.05,1068.59,2220,108148,1
r5n,q6,168633.05,1066.965,2220,108148,1
r5n,q6,168633.05,1067.115,2220,108148,1
r5n,q6,168633.05,1065.335,2220,108148,1
r5n,q6,168633.05,1067.024,2220,108148,1
r5n,q6,168633.05,1063.9,2220,108148,1
r5n,q6,168633.05,1056.852,2220,108148,1
r5n,q6,168633.05,1058.135,2220,108148,1
r5n,q6,168633.05,1066.622,2220,108148,1
r5n,q6,168633.05,1065.572,2220,108148,1
r5n,q6,168633.05,1053.969,2220,108148,1
r5n,q6,168633.05,1053.698,2220,108148,1
r5n,q7,70658.3,3495.951,1182658,499623,4
r5n,q7,70658.3,3514.106,1182658,499623,4
r5n,q7,70658.3,3507.94,1182658,499623,4
r5n,q7,70658.3,3503.9,1182658,499623,4
r5n,q7,70658.3,3446.421,1182658,499623,4
r5n,q7,70658.3,3475.329,1182658,499623,4
r5n,q7,70658.3,3602.084,1182658,499623,4
r5n,q7,70658.3,3454.835,1182658,499623,4
r5n,q7,70658.3,3479.006,1182658,499623,4
r5n,q7,70658.3,3623.707,1182658,499623,4
r5n,q7,70658.3,3632.884,1182658,499623,4
r5n,q7,70658.3,3672.494,1182658,499623,4
r5n,q7,70658.3,3679.468,1182658,499623,4
r5n,q7,70658.3,3721.408,1182658,499623,4
r5n,q7,70658.3,3670.734,1182658,499623,4
r5n,q7,70658.3,3682.426,1182658,499623,4
r5n,q7,70658.3,3618.682,1182658,499623,4
r5n,q7,70658.3,3603.113,1182658,499623,4
r5n,q7,70658.3,3670.572,1182658,499623,4
r5n,q7,70658.3,3591.595,1182658,499623,4
r5n,q8,90831.9,896.466,165600,92240,2
r5n,q8,90831.9,820.698,165600,92240,2
r5n,q8,90831.9,821.805,165600,92240,2
r5n,q8,90831.9,819.613,165600,92240,2
r5n,q8,90831.9,824.036,165600,92240,2
r5n,q8,90831.9,821.476,165600,92240,2
r5n,q8,90831.9,822.803,165600,92240,2
r5n,q8,90831.9,821.145,165600,92240,2
r5n,q8,90831.9,823.964,165600,92240,2
r5n,q8,90831.9,819.006,165600,92240,2
r5n,q8,90831.9,822.269,165600,92240,2
r5n,q8,90831.9,819.126,165600,92240,2
r5n,q8,90831.9,816.062,165600,92240,2
r5n,q8,90831.9,821.612,165600,92240,2
r5n,q8,90831.9,824.36,165600,92240,2
r5n,q8,90831.9,830.292,165600,92240,2
r5n,q8,90831.9,827.913,165600,92240,2
r5n,q8,90831.9,824.755,165600,92240,2
r5n,q8,90831.9,821.993,165600,92240,2
r5n,q8,90831.9,821.017,165600,92240,2
r5n,q9,85841.45,3082.237,2967273,707713,175
r5n,q9,85841.45,3023.096,2967273,707713,175
r5n,q9,85841.45,3028.195,2967273,707713,175
r5n,q9,85841.45,3035.852,2967273,707713,175
r5n,q9,85841.45,3025.228,2967273,707713,175
r5n,q9,85841.45,3028.15,2967273,707713,175
r5n,q9,85841.45,3029.943,2967273,707713,175
r5n,q9,85841.45,3018.264,2967273,707713,175
r5n,q9,85841.45,3006.761,2967273,707713,175
r5n,q9,85841.45,2992.442,2967273,707713,175
r5n,q9,85841.45,3010.801,2967273,707713,175
r5n,q9,85841.45,3002.546,2967273,707713,175
r5n,q9,85841.45,3001.531,2967273,707713,175
r5n,q9,85841.45,3016.241,2967273,707713,175
r5n,q9,85841.45,3023.894,2967273,707713,175
r5n,q9,85841.45,3019.654,2967273,707713,175
r5n,q9,85841.45,3020.216,2967273,707713,175
r5n,q9,85841.45,2978.839,2967273,707713,175
r5n,q9,85841.45,2939.375,2967273,707713,175
r5n,q9,85841.45,2953.451,2967273,707713,175
z1d,q10,160189.8,906.642,176780,85991,20
z1d,q10,160189.8,904.133,176780,85991,20
z1d,q10,160189.8,903.054,176780,85991,20
z1d,q10,160189.8,897.728,176780,85991,20
z1d,q10,160189.8,907.964,176780,85991,20
z1d,q10,160189.8,897.251,176780,85991,20
z1d,q10,160189.8,899.882,176780,85991,20
z1d,q10,160189.8,905.691,176780,85991,20
z1d,q10,160189.8,899.631,176780,85991,20
z1d,q10,160189.8,899.09,176780,85991,20
z1d,q10,160189.8,901.451,176780,85991,20
z1d,q10,160189.8,900.78,176780,85991,20
z1d,q10,160189.8,907.911,176780,85991,20
z1d,q10,160189.8,896.988,176780,85991,20
z1d,q10,160189.8,904.947,176780,85991,20
z1d,q10,160189.8,904.624,176780,85991,20
z1d,q10,160189.8,900.408,176780,85991,20
z1d,q10,160189.8,897.262,176780,85991,20
z1d,q10,160189.8,894.273,176780,85991,20
z1d,q10,160189.8,897.733,176780,85991,20
z1d,q11,10203.71,152.782,42749,20040,1217
z1d,q11,10203.71,73.461,42749,20040,1217
z1d,q11,10203.71,73.437,42749,20040,1217
z1d,q11,10203.71,72.347,42749,20040,1217
z1d,q11,10203.71,72.244,42749,20040,1217
z1d,q11,10203.71,72.444,42749,20040,1217
z1d,q11,10203.71,72.321,42749,20040,1217
z1d,q11,10203.71,72.156,42749,20040,1217
z1d,q11,10203.71,72.179,42749,20040,1217
z1d,q11,10203.71,72.563,42749,20040,1217
z1d,q11,10203.71,72.711,42749,20040,1217
z1d,q11,10203.71,71.94,42749,20040,1217
z1d,q11,10203.71,72.126,42749,20040,1217
z1d,q11,10203.71,73.353,42749,20040,1217
z1d,q11,10203.71,72.308,42749,20040,1217
z1d,q11,10203.71,72.723,42749,20040,1217
z1d,q11,10203.71,72.316,42749,20040,1217
z1d,q11,10203.71,73.38,42749,20040,1217
z1d,q11,10203.71,72.629,42749,20040,1217
z1d,q11,10203.71,73.241,42749,20040,1217
z1d,q12,210511.91,1241.243,154,137041,2
z1d,q12,210511.91,1242.15,154,137041,2
z1d,q12,210511.91,1245.094,154,137041,2
z1d,q12,210511.91,1244.149,154,137041,2
z1d,q12,210511.91,1246.795,154,137041,2
z1d,q12,210511.91,1246.147,154,137041,2
z1d,q12,210511.91,1247.021,154,137041,2
z1d,q12,210511.91,1247.405,154,137041,2
z1d,q12,210511.91,1242.518,154,137041,2
z1d,q12,210511.91,1242.252,154,137041,2
z1d,q12,210511.91,1243.078,154,137041,2
z1d,q12,210511.91,1242.054,154,137041,2
z1d,q12,210511.91,1239.872,154,137041,2
z1d,q12,210511.91,1239.502,154,137041,2
z1d,q12,210511.91,1241.754,154,137041,2
z1d,q12,210511.91,1241.472,154,137041,2
z1d,q12,210511.91,1240.492,154,137041,2
z1d,q12,210511.91,1240.573,154,137041,2
z1d,q12,210511.91,1241.53,154,137041,2
z1d,q12,210511.91,1242.04,154,137041,2
z1d,q13,142161.33,1174.185,1344617,605352,42
z1d,q13,142161.33,1158.093,1344617,605352,42
z1d,q13,142161.33,1161.097,1344617,605352,42
z1d,q13,142161.33,1169.398,1344617,605352,42
z1d,q13,142161.33,1162.031,1344617,605352,42
z1d,q13,142161.33,1165.415,1344617,605352,42
z1d,q13,142161.33,1164.013,1344617,605352,42
z1d,q13,142161.33,1166.307,1344617,605352,42
z1d,q13,142161.33,1163.004,1344617,605352,42
z1d,q13,142161.33,1161.724,1344617,605352,42
z1d,q13,142161.33,1167.458,1344617,605352,42
z1d,q13,142161.33,1158.403,1344617,605352,42
z1d,q13,142161.33,1167.783,1344617,605352,42
z1d,q13,142161.33,1165.218,1344617,605352,42
z1d,q13,142161.33,1165.323,1344617,605352,42
z1d,q13,142161.33,1168.504,1344617,605352,42
z1d,q13,142161.33,1163.544,1344617,605352,42
z1d,q13,142161.33,1168.169,1344617,605352,42
z1d,q13,142161.33,1169.028,1344617,605352,42
z1d,q13,142161.33,1170.446,1344617,605352,42
z1d,q14,118586.59,363.16,163,114188,1
z1d,q14,118586.59,363.108,163,114188,1
z1d,q14,118586.59,363.721,163,114188,1
z1d,q14,118586.59,362.63,163,114188,1
z1d,q14,118586.59,363.043,163,114188,1
z1d,q14,118586.59,363.18,163,114188,1
z1d,q14,118586.59,363.027,163,114188,1
z1d,q14,118586.59,364.197,163,114188,1
z1d,q14,118586.59,362.338,163,114188,1
z1d,q14,118586.59,362.387,163,114188,1
z1d,q14,118586.59,364.171,163,114188,1
z1d,q14,118586.59,363.41,163,114188,1
z1d,q14,118586.59,361.75,163,114188,1
z1d,q14,118586.59,364.052,163,114188,1
z1d,q14,118586.59,363.644,163,114188,1
z1d,q14,118586.59,363.715,163,114188,1
z1d,q14,118586.59,363.447,163,114188,1
z1d,q14,118586.59,361.973,163,114188,1
z1d,q14,118586.59,364.117,163,114188,1
z1d,q14,118586.59,363.972,163,114188,1
z1d,q16,40977.39,442.82,4331,3282,18141
z1d,q16,40977.39,439.641,4331,3282,18141
z1d,q16,40977.39,441.126,4331,3282,18141
z1d,q16,40977.39,441.543,4331,3282,18141
z1d,q16,40977.39,439.476,4331,3282,18141
z1d,q16,40977.39,442.425,4331,3282,18141
z1d,q16,40977.39,441.188,4331,3282,18141
z1d,q16,40977.39,439.497,4331,3282,18141
z1d,q16,40977.39,437.847,4331,3282,18141
z1d,q16,40977.39,438.968,4331,3282,18141
z1d,q16,40977.39,437.869,4331,3282,18141
z1d,q16,40977.39,439.559,4331,3282,18141
z1d,q16,40977.39,442.54,4331,3282,18141
z1d,q16,40977.39,436.799,4331,3282,18141
z1d,q16,40977.39,441.739,4331,3282,18141
z1d,q16,40977.39,434.741,4331,3282,18141
z1d,q16,40977.39,440.59,4331,3282,18141
z1d,q16,40977.39,442.943,4331,3282,18141
z1d,q16,40977.39,440.563,4331,3282,18141
z1d,q16,40977.39,434.887,4331,3282,18141
z1d,q17,731369.7,391.9,226722,110705,1
z1d,q17,731369.7,293.017,226722,110705,1
z1d,q17,731369.7,293.05,226722,110705,1
z1d,q17,731369.7,292.886,226722,110705,1
z1d,q17,731369.7,293.712,226722,110705,1
z1d,q17,731369.7,293.229,226722,110705,1
z1d,q17,731369.7,293.078,226722,110705,1
z1d,q17,731369.7,293.467,226722,110705,1
z1d,q17,731369.7,293.193,226722,110705,1
z1d,q17,731369.7,292.989,226722,110705,1
z1d,q17,731369.7,292.593,226722,110705,1
z1d,q17,731369.7,293.245,226722,110705,1
z1d,q17,731369.7,293.503,226722,110705,1
z1d,q17,731369.7,292.838,226722,110705,1
z1d,q17,731369.7,292.992,226722,110705,1
z1d,q17,731369.7,292.764,226722,110705,1
z1d,q17,731369.7,292.566,226722,110705,1
z1d,q17,731369.7,292.43,226722,110705,1
z1d,q17,731369.7,292.733,226722,110705,1
z1d,q17,731369.7,292.616,226722,110705,1
z1d,q18,322525.59,6289.715,302455,149372,9
z1d,q18,322525.59,6459.013,302455,149372,9
z1d,q18,322525.59,6291.006,302455,149372,9
z1d,q18,322525.59,6286.002,302455,149372,9
z1d,q18,322525.59,6429.296,302455,149372,9
z1d,q18,322525.59,6308.795,302455,149372,9
z1d,q18,322525.59,6293.64,302455,149372,9
z1d,q18,322525.59,6273.56,302455,149372,9
z1d,q18,322525.59,6305.164,302455,149372,9
z1d,q18,322525.59,6283.263,302455,149372,9
z1d,q18,322525.59,6433.284,302455,149372,9
z1d,q18,322525.59,6301.45,302455,149372,9
z1d,q18,322525.59,6289.814,302455,149372,9
z1d,q18,322525.59,6444.04,302455,149372,9
z1d,q18,322525.59,6421.103,302455,149372,9
z1d,q18,322525.59,6274.829,302455,149372,9
z1d,q18,322525.59,6330.982,302455,149372,9
z1d,q18,322525.59,6280.553,302455,149372,9
z1d,q18,322525.59,6301.777,302455,149372,9
z1d,q18,322525.59,6282.275,302455,149372,9
z1d,q19,32575.98,99.658,2842,17419,1
z1d,q19,32575.98,83.54,2842,17419,1
z1d,q19,32575.98,60.921,2842,17419,1
z1d,q19,32575.98,59.967,2842,17419,1
z1d,q19,32575.98,59.409,2842,17419,1
z1d,q19,32575.98,59.849,2842,17419,1
z1d,q19,32575.98,59.726,2842,17419,1
z1d,q19,32575.98,59.596,2842,17419,1
z1d,q19,32575.98,59.847,2842,17419,1
z1d,q19,32575.98,59.323,2842,17419,1
z1d,q19,32575.98,59.369,2842,17419,1
z1d,q19,32575.98,59.944,2842,17419,1
z1d,q19,32575.98,59.374,2842,17419,1
z1d,q19,32575.98,59.476,2842,17419,1
z1d,q19,32575.98,59.331,2842,17419,1
z1d,q19,32575.98,58.925,2842,17419,1
z1d,q19,32575.98,58.785,2842,17419,1
z1d,q19,32575.98,58.275,2842,17419,1
z1d,q19,32575.98,59.328,2842,17419,1
z1d,q19,32575.98,58.159,2842,17419,1
z1d,q1,231253.32,42094.595,14799,95585,4
z1d,q1,231253.32,5719.668,14799,95585,4
z1d,q1,231253.32,5719.059,14799,95585,4
z1d,q1,231253.32,5714.4,14799,95585,4
z1d,q1,231253.32,5717.129,14799,95585,4
z1d,q1,231253.32,5715.123,14799,95585,4
z1d,q1,231253.32,5720.318,14799,95585,4
z1d,q1,231253.32,5716.539,14799,95585,4
z1d,q1,231253.32,5713.747,14799,95585,4
z1d,q1,231253.32,5724.278,14799,95585,4
z1d,q1,231253.32,5715.148,14799,95585,4
z1d,q1,231253.32,5714.318,14799,95585,4
z1d,q1,231253.32,5717.154,14799,95585,4
z1d,q1,231253.32,5718.089,14799,95585,4
z1d,q1,231253.32,5714.895,14799,95585,4
z1d,q1,231253.32,5716.249,14799,95585,4
z1d,q1,231253.32,5716.582,14799,95585,4
z1d,q1,231253.32,5715.971,14799,95585,4
z1d,q1,231253.32,5714.4,14799,95585,4
z1d,q1,231253.32,5715.342,14799,95585,4
z1d,q20,164116.85,738.784,57360,74699,193
z1d,q20,164116.85,742.04,57360,74699,193
z1d,q20,164116.85,742.323,57360,74699,193
z1d,q20,164116.85,746.393,57360,74699,193
z1d,q20,164116.85,744.473,57360,74699,193
z1d,q20,164116.85,742.857,57360,74699,193
z1d,q20,164116.85,741.846,57360,74699,193
z1d,q20,164116.85,742.898,57360,74699,193
z1d,q20,164116.85,742.872,57360,74699,193
z1d,q20,164116.85,742.672,57360,74699,193
z1d,q20,164116.85,742.416,57360,74699,193
z1d,q20,164116.85,742.143,57360,74699,193
z1d,q20,164116.85,741.247,57360,74699,193
z1d,q20,164116.85,743.589,57360,74699,193
z1d,q20,164116.85,742.761,57360,74699,193
z1d,q20,164116.85,743.79,57360,74699,193
z1d,q20,164116.85,742.113,57360,74699,193
z1d,q20,164116.85,744.483,57360,74699,193
z1d,q20,164116.85,741.742,57360,74699,193
z1d,q20,164116.85,740.578,57360,74699,193
z1d,q21,72643.41,2137.597,772613,315571,100
z1d,q21,72643.41,2131.58,772613,315571,100
z1d,q21,72643.41,2140.778,772613,315571,100
z1d,q21,72643.41,2129.937,772613,315571,100
z1d,q21,72643.41,2148.851,772613,315571,100
z1d,q21,72643.41,2133.0,772613,315571,100
z1d,q21,72643.41,2133.337,772613,315571,100
z1d,q21,72643.41,2155.248,772613,315571,100
z1d,q21,72643.41,2135.548,772613,315571,100
z1d,q21,72643.41,2142.759,772613,315571,100
z1d,q21,72643.41,2138.317,772613,315571,100
z1d,q21,72643.41,2136.478,772613,315571,100
z1d,q21,72643.41,2134.865,772613,315571,100
z1d,q21,72643.41,2140.707,772613,315571,100
z1d,q21,72643.41,2144.239,772613,315571,100
z1d,q21,72643.41,2146.712,772613,315571,100
z1d,q21,72643.41,2150.007,772613,315571,100
z1d,q21,72643.41,2143.272,772613,315571,100
z1d,q21,72643.41,2141.155,772613,315571,100
z1d,q21,72643.41,2135.48,772613,315571,100
z1d,q22,13103.26,156.45,59398,5177,7
z1d,q22,13103.26,143.81,59398,5177,7
z1d,q22,13103.26,143.615,59398,5177,7
z1d,q22,13103.26,143.518,59398,5177,7
z1d,q22,13103.26,142.596,59398,5177,7
z1d,q22,13103.26,142.578,59398,5177,7
z1d,q22,13103.26,142.08,59398,5177,7
z1d,q22,13103.26,142.391,59398,5177,7
z1d,q22,13103.26,142.301,59398,5177,7
z1d,q22,13103.26,143.171,59398,5177,7
z1d,q22,13103.26,143.505,59398,5177,7
z1d,q22,13103.26,143.365,59398,5177,7
z1d,q22,13103.26,142.233,59398,5177,7
z1d,q22,13103.26,142.586,59398,5177,7
z1d,q22,13103.26,142.558,59398,5177,7
z1d,q22,13103.26,142.285,59398,5177,7
z1d,q22,13103.26,142.439,59398,5177,7
z1d,q22,13103.26,142.202,59398,5177,7
z1d,q22,13103.26,147.074,59398,5177,7
z1d,q22,13103.26,140.463,59398,5177,7
z1d,q2,120690.45,10547.992,160131,42049,100
z1d,q2,120690.45,1351.096,160131,42049,100
z1d,q2,120690.45,1347.39,160131,42049,100
z1d,q2,120690.45,1347.965,160131,42049,100
z1d,q2,120690.45,1347.92,160131,42049,100
z1d,q2,120690.45,1345.403,160131,42049,100
z1d,q2,120690.45,1346.31,160131,42049,100
z1d,q2,120690.45,1350.248,160131,42049,100
z1d,q2,120690.45,1346.414,160131,42049,100
z1d,q2,120690.45,1345.451,160131,42049,100
z1d,q2,120690.45,1347.522,160131,42049,100
z1d,q2,120690.45,1345.799,160131,42049,100
z1d,q2,120690.45,1347.411,160131,42049,100
z1d,q2,120690.45,1348.602,160131,42049,100
z1d,q2,120690.45,1347.296,160131,42049,100
z1d,q2,120690.45,1348.078,160131,42049,100
z1d,q2,120690.45,1347.145,160131,42049,100
z1d,q2,120690.45,1348.868,160131,42049,100
z1d,q2,120690.45,1346.431,160131,42049,100
z1d,q2,120690.45,1348.049,160131,42049,100
z1d,q3,195291.56,7612.331,495447,124226,10
z1d,q3,195291.56,914.173,495447,124226,10
z1d,q3,195291.56,913.146,495447,124226,10
z1d,q3,195291.56,913.595,495447,124226,10
z1d,q3,195291.56,912.12,495447,124226,10
z1d,q3,195291.56,914.534,495447,124226,10
z1d,q3,195291.56,916.286,495447,124226,10
z1d,q3,195291.56,911.919,495447,124226,10
z1d,q3,195291.56,912.262,495447,124226,10
z1d,q3,195291.56,912.711,495447,124226,10
z1d,q3,195291.56,911.799,495447,124226,10
z1d,q3,195291.56,912.026,495447,124226,10
z1d,q3,195291.56,913.639,495447,124226,10
z1d,q3,195291.56,914.606,495447,124226,10
z1d,q3,195291.56,913.371,495447,124226,10
z1d,q3,195291.56,914.185,495447,124226,10
z1d,q3,195291.56,914.309,495447,124226,10
z1d,q3,195291.56,914.653,495447,124226,10
z1d,q3,195291.56,913.575,495447,124226,10
z1d,q3,195291.56,914.137,495447,124226,10
z1d,q4,61263.21,598.86,170129,80893,5
z1d,q4,61263.21,402.316,170129,80893,5
z1d,q4,61263.21,400.271,170129,80893,5
z1d,q4,61263.21,397.621,170129,80893,5
z1d,q4,61263.21,396.97,170129,80893,5
z1d,q4,61263.21,396.125,170129,80893,5
z1d,q4,61263.21,399.012,170129,80893,5
z1d,q4,61263.21,397.586,170129,80893,5
z1d,q4,61263.21,397.016,170129,80893,5
z1d,q4,61263.21,398.042,170129,80893,5
z1d,q4,61263.21,401.548,170129,80893,5
z1d,q4,61263.21,398.125,170129,80893,5
z1d,q4,61263.21,396.394,170129,80893,5
z1d,q4,61263.21,398.928,170129,80893,5
z1d,q4,61263.21,396.503,170129,80893,5
z1d,q4,61263.21,399.367,170129,80893,5
z1d,q4,61263.21,401.234,170129,80893,5
z1d,q4,61263.21,395.993,170129,80893,5
z1d,q4,61263.21,399.039,170129,80893,5
z1d,q4,61263.21,398.969,170129,80893,5
z1d,q5,83490.24,1560.781,317194,263984,5
z1d,q5,83490.24,1020.491,317194,263984,5
z1d,q5,83490.24,1020.911,317194,263984,5
z1d,q5,83490.24,1021.653,317194,263984,5
z1d,q5,83490.24,1027.649,317194,263984,5
z1d,q5,83490.24,1020.808,317194,263984,5
z1d,q5,83490.24,1021.756,317194,263984,5
z1d,q5,83490.24,1020.568,317194,263984,5
z1d,q5,83490.24,1019.117,317194,263984,5
z1d,q5,83490.24,1023.069,317194,263984,5
z1d,q5,83490.24,1022.722,317194,263984,5
z1d,q5,83490.24,1020.158,317194,263984,5
z1d,q5,83490.24,1024.138,317194,263984,5
z1d,q5,83490.24,1019.883,317194,263984,5
z1d,q5,83490.24,1019.407,317194,263984,5
z1d,q5,83490.24,1021.77,317194,263984,5
z1d,q5,83490.24,1022.12,317194,263984,5
z1d,q5,83490.24,1020.666,317194,263984,5
z1d,q5,83490.24,1023.83,317194,263984,5
z1d,q5,83490.24,1020.433,317194,263984,5
z1d,q6,168633.05,1509.04,2220,108148,1
z1d,q6,168633.05,882.244,2220,108148,1
z1d,q6,168633.05,889.689,2220,108148,1
z1d,q6,168633.05,886.696,2220,108148,1
z1d,q6,168633.05,887.926,2220,108148,1
z1d,q6,168633.05,886.837,2220,108148,1
z1d,q6,168633.05,886.829,2220,108148,1
z1d,q6,168633.05,886.874,2220,108148,1
z1d,q6,168633.05,888.109,2220,108148,1
z1d,q6,168633.05,889.621,2220,108148,1
z1d,q6,168633.05,884.886,2220,108148,1
z1d,q6,168633.05,888.198,2220,108148,1
z1d,q6,168633.05,882.695,2220,108148,1
z1d,q6,168633.05,887.236,2220,108148,1
z1d,q6,168633.05,883.101,2220,108148,1
z1d,q6,168633.05,887.435,2220,108148,1
z1d,q6,168633.05,887.655,2220,108148,1
z1d,q6,168633.05,888.362,2220,108148,1
z1d,q6,168633.05,887.186,2220,108148,1
z1d,q6,168633.05,888.361,2220,108148,1
z1d,q7,70658.3,3059.634,1182658,499623,4
z1d,q7,70658.3,3067.833,1182658,499623,4
z1d,q7,70658.3,3089.014,1182658,499623,4
z1d,q7,70658.3,3070.084,1182658,499623,4
z1d,q7,70658.3,3083.449,1182658,499623,4
z1d,q7,70658.3,3080.374,1182658,499623,4
z1d,q7,70658.3,3085.253,1182658,499623,4
z1d,q7,70658.3,3074.285,1182658,499623,4
z1d,q7,70658.3,3083.969,1182658,499623,4
z1d,q7,70658.3,3086.589,1182658,499623,4
z1d,q7,70658.3,3092.891,1182658,499623,4
z1d,q7,70658.3,3086.451,1182658,499623,4
z1d,q7,70658.3,3076.63,1182658,499623,4
z1d,q7,70658.3,3084.091,1182658,499623,4
z1d,q7,70658.3,3090.735,1182658,499623,4
z1d,q7,70658.3,3081.404,1182658,499623,4
z1d,q7,70658.3,3088.432,1182658,499623,4
z1d,q7,70658.3,3066.729,1182658,499623,4
z1d,q7,70658.3,3075.493,1182658,499623,4
z1d,q7,70658.3,3088.098,1182658,499623,4
z1d,q8,90831.9,808.194,165600,92240,2
z1d,q8,90831.9,725.025,165600,92240,2
z1d,q8,90831.9,725.737,165600,92240,2
z1d,q8,90831.9,724.778,165600,92240,2
z1d,q8,90831.9,723.893,165600,92240,2
z1d,q8,90831.9,723.596,165600,92240,2
z1d,q8,90831.9,724.998,165600,92240,2
z1d,q8,90831.9,724.676,165600,92240,2
z1d,q8,90831.9,726.124,165600,92240,2
z1d,q8,90831.9,723.578,165600,92240,2
z1d,q8,90831.9,724.164,165600,92240,2
z1d,q8,90831.9,725.315,165600,92240,2
z1d,q8,90831.9,724.854,165600,92240,2
z1d,q8,90831.9,727.19,165600,92240,2
z1d,q8,90831.9,725.587,165600,92240,2
z1d,q8,90831.9,725.787,165600,92240,2
z1d,q8,90831.9,727.211,165600,92240,2
z1d,q8,90831.9,726.681,165600,92240,2
z1d,q8,90831.9,724.896,165600,92240,2
z1d,q8,90831.9,726.341,165600,92240,2
z1d,q9,85841.45,2555.406,2967273,707713,175
z1d,q9,85841.45,2518.985,2967273,707713,175
z1d,q9,85841.45,2511.595,2967273,707713,175
z1d,q9,85841.45,2509.358,2967273,707713,175
z1d,q9,85841.45,2511.728,2967273,707713,175
z1d,q9,85841.45,2514.101,2967273,707713,175
z1d,q9,85841.45,2518.127,2967273,707713,175
z1d,q9,85841.45,2514.787,2967273,707713,175
z1d,q9,85841.45,2512.423,2967273,707713,175
z1d,q9,85841.45,2514.273,2967273,707713,175
z1d,q9,85841.45,2517.961,2967273,707713,175
z1d,q9,85841.45,2515.821,2967273,707713,175
z1d,q9,85841.45,2511.808,2967273,707713,175
z1d,q9,85841.45,2521.561,2967273,707713,175
z1d,q9,85841.45,2518.383,2967273,707713,175
z1d,q9,85841.45,2509.243,2967273,707713,175
z1d,q9,85841.45,2513.629,2967273,707713,175
z1d,q9,85841.45,2528.616,2967273,707713,175
z1d,q9,85841.45,2514.092,2967273,707713,175
z1d,q9,85841.45,2518.058,2967273,707713,175
